Workbook

Sheet 日超8H
A3: 计数项:工号 | C3: 是否日超8H | G3: 计数项:工号 | J3: 是否日超8H
A4: 三级部门 | B4: 四级部门 | C4: 是 | D4: 否 | E4: 总计 | G4: 三级部门 | H4: 四级部门 | I4: 辅助 | J4: 是 | K4: 否 | L4: 总计
A5: AD 行政部 | C5: 10 | D5: 8 | E5: 18 | G5: AD 行政部 | I5: =G5&""&H5 -> AD 行政部 | J5: 10 | K5: 8 | L5: 18
A6: AS 审计监察部 | C6: 1 | D6: 1 | E6: 2 | G6: AS 审计监察部 | I6: =G6&""&H6 -> AS 审计监察部 | J6: 1 | K6: 1 | L6: 2
A7: BD 本地客户部 | D7: 17 | E7: 17 | G7: BD 本地客户部 | I7: =G7&""&H7 -> BD 本地客户部 | K7: 17 | L7: 17
A8: BM 品牌市场部 | C8: 2 | D8: 4 | E8: 6 | G8: BM 品牌市场部 | I8: =G8&""&H8 -> BM 品牌市场部 | J8: 2 | K8: 4 | L8: 6
A9: CM 运力管理部 | C9: 5 | D9: 7 | E9: 12 | G9: CM 运力管理部 | I9: =G9&""&H9 -> CM 运力管理部 | J9: 5 | K9: 7 | L9: 12
A10: CS 客户服务部 | C10: 6 | D10: 1 | E10: 7 | G10: CS 客户服务部 | I10: =G10&""&H10 -> CS 客户服务部 | J10: 6 | K10: 1 | L10: 7
A11: DO 数字运营部 | C11: 3 | D11: 12 | E11: 15 | G11: DO 数字运营部 | I11: =G11&""&H11 -> DO 数字运营部 | J11: 3 | K11: 12 | L11: 15
A12: FL 佛州大区 | D12: 1 | E12: 1 | G12: FL 佛州大区 | I12: =G12&""&H12 -> FL 佛州大区 | K12: 1 | L12: 1
A13: FL 佛州大区 | B13: FTM01 | D13: 3 | E13: 3 | G13: FL 佛州大区 | H13: FTM01 | I13: =G13&""&H13 -> FL 佛州大区FTM01 | K13: 3 | L13: 3
A14: FL 佛州大区 | B14: MCO.H | C14: 15 | D14: 13 | E14: 28 | G14: FL 佛州大区 | H14: MCO.H | I14: =G14&""&H14 -> FL 佛州大区MCO.H | J14: 15 | K14: 13 | L14: 28
A15: FL 佛州大区 | B15: MCO01 | C15: 2 | E15: 2 | G15: FL 佛州大区 | H15: MCO01 | I15: =G15&""&H15 -> FL 佛州大区MCO01 | J15: 2 | L15: 2
A16: FL 佛州大区 | B16: MF 中佛片区 | C16: 3 | D16: 4 | E16: 7 | G16: FL 佛州大区 | H16: MF 中佛片区 | I16: =G16&""&H16 -> FL 佛州大区MF 中佛片区 | J16: 3 | K16: 4 | L16: 7
A17: FL 佛州大区 | B17: MIA.H | C17: 17 | D17: 17 | E17: 34 | G17: FL 佛州大区 | H17: MIA.H | I17: =G17&""&H17 -> FL 佛州大区MIA.H | J17: 17 | K17: 17 | L17: 34
A18: FL 佛州大区 | B18: MIA01 | C18: 2 | D18: 1 | E18: 3 | G18: FL 佛州大区 | H18: MIA01 | I18: =G18&""&H18 -> FL 佛州大区MIA01 | J18: 2 | K18: 1 | L18: 3
A19: FL 佛州大区 | B19: NF 北佛片区 | C19: 1 | D19: 6 | E19: 7 | G19: FL 佛州大区 | H19: NF 北佛片区 | I19: =G19&""&H19 -> FL 佛州大区NF 北佛片区 | J19: 1 | K19: 6 | L19: 7
A20: FL 佛州大区 | B20: OCF01 | C20: 1 | E20: 1 | G20: FL 佛州大区 | H20: OCF01 | I20: =G20&""&H20 -> FL 佛州大区OCF01 | J20: 1 | L20: 1
A21: FL 佛州大区 | B21: SF 南佛片区 | C21: 4 | D21: 6 | E21: 10 | G21: FL 佛州大区 | H21: SF 南佛片区 | I21: =G21&""&H21 -> FL 佛州大区SF 南佛片区 | J21: 4 | K21: 6 | L21: 10
A22: FL 佛州大区 | B22: SRQ01 | C22: 1 | E22: 1 | G22: FL 佛州大区 | H22: SRQ01 | I22: =G22&""&H22 -> FL 佛州大区SRQ01 | J22: 1 | L22: 1
A23: FL 佛州大区 | B23: TPA01 | D23: 2 | E23: 2 | G23: FL 佛州大区 | H23: TPA01 | I23: =G23&""&H23 -> FL 佛州大区TPA01 | K23: 2 | L23: 2
A24: FL 佛州大区 | B24: WF 西佛片区 | C24: 1 | D24: 5 | E24: 6 | G24: FL 佛州大区 | H24: WF 西佛片区 | I24: =G24&""&H24 -> FL 佛州大区WF 西佛片区 | J24: 1 | K24: 5 | L24: 6
A25: FL 佛州大区 | B25: WPB01 | D25: 1 | E25: 1 | G25: FL 佛州大区 | H25: WPB01 | I25: =G25&""&H25 -> FL 佛州大区WPB01 | K25: 1 | L25: 1
A26: FL 佛州大区 | B26: 运营支持部 | C26: 3 | D26: 1 | E26: 4 | G26: FL 佛州大区 | H26: 运营支持部 | I26: =G26&""&H26 -> FL 佛州大区运营支持部 | J26: 3 | K26: 1 | L26: 4
A27: FL 佛州大区 汇总 | C27: 50 | D27: 60 | E27: 110 | G27: FL 佛州大区 汇总 | I27: =G27&""&H27 -> FL 佛州大区 汇总 | J27: 50 | K27: 60 | L27: 110
A28: GL 大湖大区 | C28: 1 | D28: 1 | E28: 2 | G28: GL 大湖大区 | I28: =G28&""&H28 -> GL 大湖大区 | J28: 1 | K28: 1 | L28: 2
A29: GL 大湖大区 | B29: CLE01 | C29: 1 | E29: 1 | G29: GL 大湖大区 | H29: CLE01 | I29: =G29&""&H29 -> GL 大湖大区CLE01 | J29: 1 | L29: 1
A30: GL 大湖大区 | B30: CM 中西部中心片区 | C30: 2 | D30: 4 | E30: 6 | G30: GL 大湖大区 | H30: CM 中西部中心片区 | I30: =G30&""&H30 -> GL 大湖大区CM 中西部中心片区 | J30: 2 | K30: 4 | L30: 6
A31: GL 大湖大区 | B31: CMH01 | D31: 1 | E31: 1 | G31: GL 大湖大区 | H31: CMH01 | I31: =G31&""&H31 -> GL 大湖大区CMH01 | K31: 1 | L31: 1
A32: GL 大湖大区 | B32: CVG.H | C32: 1 | D32: 1 | E32: 2 | G32: GL 大湖大区 | H32: CVG.H | I32: =G32&""&H32 -> GL 大湖大区CVG.H | J32: 1 | K32: 1 | L32: 2
A33: GL 大湖大区 | B33: EG 东大湖片区 | C33: 1 | D33: 4 | E33: 5 | G33: GL 大湖大区 | H33: EG 东大湖片区 | I33: =G33&""&H33 -> GL 大湖大区EG 东大湖片区 | J33: 1 | K33: 4 | L33: 5
A34: GL 大湖大区 | B34: IND01 | C34: 1 | D34: 2 | E34: 3 | G34: GL 大湖大区 | H34: IND01 | I34: =G34&""&H34 -> GL 大湖大区IND01 | J34: 1 | K34: 2 | L34: 3
A35: GL 大湖大区 | B35: MCI01 | C35: 1 | D35: 1 | E35: 2 | G35: GL 大湖大区 | H35: MCI01 | I35: =G35&""&H35 -> GL 大湖大区MCI01 | J35: 1 | K35: 1 | L35: 2
A36: GL 大湖大区 | B36: MKE01 | D36: 2 | E36: 2 | G36: GL 大湖大区 | H36: MKE01 | I36: =G36&""&H36 -> GL 大湖大区MKE01 | K36: 2 | L36: 2
A37: GL 大湖大区 | B37: NM 中西部北片区 | C37: 2 | D37: 4 | E37: 6 | G37: GL 大湖大区 | H37: NM 中西部北片区 | I37: =G37&""&H37 -> GL 大湖大区NM 中西部北片区 | J37: 2 | K37: 4 | L37: 6
A38: GL 大湖大区 | B38: ORD.H | C38: 15 | D38: 14 | E38: 29 | G38: GL 大湖大区 | H38: ORD.H | I38: =G38&""&H38 -> GL 大湖大区ORD.H | J38: 15 | K38: 14 | L38: 29
A39: GL 大湖大区 | B39: ORD01 | D39: 2 | E39: 2 | G39: GL 大湖大区 | H39: ORD01 | I39: =G39&""&H39 -> GL 大湖大区ORD01 | K39: 2 | L39: 2
A40: GL 大湖大区 | B40: WG 西大湖片区 | C40: 3 | D40: 7 | E40: 10 | G40: GL 大湖大区 | H40: WG 西大湖片区 | I40: =G40&""&H40 -> GL 大湖大区WG 西大湖片区 | J40: 3 | K40: 7 | L40: 10
A41: GL 大湖大区 | B41: 车辆管理部 | D41: 1 | E41: 1 | G41: GL 大湖大区 | H41: 车辆管理部 | I41: =G41&""&H41 -> GL 大湖大区车辆管理部 | K41: 1 | L41: 1
A42: GL 大湖大区 | B42: 揽收部 | C42: 4 | D42: 1 | E42: 5 | G42: GL 大湖大区 | H42: 揽收部 | I42: =G42&""&H42 -> GL 大湖大区揽收部 | J42: 4 | K42: 1 | L42: 5
A43: GL 大湖大区 | B43: 运营支持部 | C43: 5 | D43: 3 | E43: 8 | G43: GL 大湖大区 | H43: 运营支持部 | I43: =G43&""&H43 -> GL 大湖大区运营支持部 | J43: 5 | K43: 3 | L43: 8
A44: GL 大湖大区 汇总 | C44: 37 | D44: 48 | E44: 85 | G44: GL 大湖大区 汇总 | I44: =G44&""&H44 -> GL 大湖大区 汇总 | J44: 37 | K44: 48 | L44: 85
A45: Gofo财务部 | D45: 3 | E45: 3 | G45: Gofo财务部 | I45: =G45&""&H45 -> Gofo财务部 | K45: 3 | L45: 3
A46: Ground项目部 | B46: OG 美东区 | C46: 12 | D46: 6 | E46: 18 | G46: Ground项目部 | H46: OG 美东区 | I46: =G46&""&H46 -> Ground项目部OG 美东区 | J46: 12 | K46: 6 | L46: 18
A47: Ground项目部 | B47: OG 美南区 | C47: 4 | D47: 6 | E47: 10 | G47: Ground项目部 | H47: OG 美南区 | I47: =G47&""&H47 -> Ground项目部OG 美南区 | J47: 4 | K47: 6 | L47: 10
A48: Ground项目部 | B48: OG 美西区 | C48: 19 | D48: 23 | E48: 42 | G48: Ground项目部 | H48: OG 美西区 | I48: =G48&""&H48 -> Ground项目部OG 美西区 | J48: 19 | K48: 23 | L48: 42
A49: Ground项目部 | B49: OG 美中区 | C49: 2 | D49: 5 | E49: 7 | G49: Ground项目部 | H49: OG 美中区 | I49: =G49&""&H49 -> Ground项目部OG 美中区 | J49: 2 | K49: 5 | L49: 7
A50: Ground项目部 | B50: 派送管理部 | C50: 2 | D50: 6 | E50: 8 | G50: Ground项目部 | H50: 派送管理部 | I50: =G50&""&H50 -> Ground项目部派送管理部 | J50: 2 | K50: 6 | L50: 8
A51: Ground项目部 | B51: 运营管理部 | C51: 2 | D51: 1 | E51: 3 | G51: Ground项目部 | H51: 运营管理部 | I51: =G51&""&H51 -> Ground项目部运营管理部 | J51: 2 | K51: 1 | L51: 3
A52: Ground项目部 汇总 | C52: 41 | D52: 47 | E52: 88 | G52: Ground项目部 汇总 | I52: =G52&""&H52 -> Ground项目部 汇总 | J52: 41 | K52: 47 | L52: 88
A53: IC 跨境客户部 | C53: 2 | D53: 4 | E53: 6 | G53: IC 跨境客户部 | I53: =G53&""&H53 -> IC 跨境客户部 | J53: 2 | K53: 4 | L53: 6
A54: LD 法务部 | C54: 1 | D54: 1 | E54: 2 | G54: LD 法务部 | I54: =G54&""&H54 -> LD 法务部 | J54: 1 | K54: 1 | L54: 2
A55: MS 中南大区 | D55: 1 | E55: 1 | G55: MS 中南大区 | I55: =G55&""&H55 -> MS 中南大区 | K55: 1 | L55: 1
A56: MS 中南大区 | B56: AS 奥萨查沿海片区 | C56: 3 | E56: 3 | G56: MS 中南大区 | H56: AS 奥萨查沿海片区 | I56: =G56&""&H56 -> MS 中南大区AS 奥萨查沿海片区 | J56: 3 | L56: 3
A57: MS 中南大区 | B57: AS 亚特兰大和南阿拉巴马片区 | C57: 3 | D57: 9 | E57: 12 | G57: MS 中南大区 | H57: AS 亚特兰大和南阿拉巴马片区 | I57: =G57&""&H57 -> MS 中南大区AS 亚特兰大和南阿拉巴马片区 | J57: 3 | K57: 9 | L57: 12
A58: MS 中南大区 | B58: ATL.H | C58: 11 | D58: 8 | E58: 19 | G58: MS 中南大区 | H58: ATL.H | I58: =G58&""&H58 -> MS 中南大区ATL.H | J58: 11 | K58: 8 | L58: 19
A59: MS 中南大区 | B59: BN 田纳西和北阿拉巴马片区 | C59: 2 | D59: 4 | E59: 6 | G59: MS 中南大区 | H59: BN 田纳西和北阿拉巴马片区 | I59: =G59&""&H59 -> MS 中南大区BN 田纳西和北阿拉巴马片区 | J59: 2 | K59: 4 | L59: 6
A60: MS 中南大区 | B60: CLT.H | C60: 7 | D60: 4 | E60: 11 | G60: MS 中南大区 | H60: CLT.H | I60: =G60&""&H60 -> MS 中南大区CLT.H | J60: 7 | K60: 4 | L60: 11
A61: MS 中南大区 | B61: CS 夏洛特及周边片区 | C61: 2 | D61: 11 | E61: 13 | G61: MS 中南大区 | H61: CS 夏洛特及周边片区 | I61: =G61&""&H61 -> MS 中南大区CS 夏洛特及周边片区 | J61: 2 | K61: 11 | L61: 13
A62: MS 中南大区 | B62: PDK.H | D62: 1 | E62: 1 | G62: MS 中南大区 | H62: PDK.H | I62: =G62&""&H62 -> MS 中南大区PDK.H | K62: 1 | L62: 1
A63: MS 中南大区 | B63: RE 北卡和东南海岸片区 | D63: 8 | E63: 8 | G63: MS 中南大区 | H63: RE 北卡和东南海岸片区 | I63: =G63&""&H63 -> MS 中南大区RE 北卡和东南海岸片区 | K63: 8 | L63: 8
A64: MS 中南大区 | B64: 车辆管理部 | C64: 1 | D64: 1 | E64: 2 | G64: MS 中南大区 | H64: 车辆管理部 | I64: =G64&""&H64 -> MS 中南大区车辆管理部 | J64: 1 | K64: 1 | L64: 2
A65: MS 中南大区 | B65: 揽收部 | C65: 2 | D65: 1 | E65: 3 | G65: MS 中南大区 | H65: 揽收部 | I65: =G65&""&H65 -> MS 中南大区揽收部 | J65: 2 | K65: 1 | L65: 3
A66: MS 中南大区 | B66: 运营支持部 | D66: 3 | E66: 3 | G66: MS 中南大区 | H66: 运营支持部 | I66: =G66&""&H66 -> MS 中南大区运营支持部 | K66: 3 | L66: 3
A67: MS 中南大区 汇总 | C67: 31 | D67: 51 | E67: 82 | G67: MS 中南大区 汇总 | I67: =G67&""&H67 -> MS 中南大区 汇总 | J67: 31 | K67: 51 | L67: 82
A68: NE 东北大区 | D68: 1 | E68: 1 | G68: NE 东北大区 | I68: =G68&""&H68 -> NE 东北大区 | K68: 1 | L68: 1
A69: NE 东北大区 | B69: BDL01 | C69: 2 | D69: 1 | E69: 3 | G69: NE 东北大区 | H69: BDL01 | I69: =G69&""&H69 -> NE 东北大区BDL01 | J69: 2 | K69: 1 | L69: 3
A70: NE 东北大区 | B70: BN 布法罗片区 | C70: 3 | D70: 3 | E70: 6 | G70: NE 东北大区 | H70: BN 布法罗片区 | I70: =G70&""&H70 -> NE 东北大区BN 布法罗片区 | J70: 3 | K70: 3 | L70: 6
A71: NE 东北大区 | B71: BOS01 | D71: 2 | E71: 2 | G71: NE 东北大区 | H71: BOS01 | I71: =G71&""&H71 -> NE 东北大区BOS01 | K71: 2 | L71: 2
A72: NE 东北大区 | B72: BUF01 | D72: 2 | E72: 2 | G72: NE 东北大区 | H72: BUF01 | I72: =G72&""&H72 -> NE 东北大区BUF01 | K72: 2 | L72: 2
A73: NE 东北大区 | B73: BWI.H | C73: 1 | D73: 5 | E73: 6 | G73: NE 东北大区 | H73: BWI.H | I73: =G73&""&H73 -> NE 东北大区BWI.H | J73: 1 | K73: 5 | L73: 6
A74: NE 东北大区 | B74: BWI01 | C74: 2 | E74: 2 | G74: NE 东北大区 | H74: BWI01 | I74: =G74&""&H74 -> NE 东北大区BWI01 | J74: 2 | L74: 2
A75: NE 东北大区 | B75: DC 华盛顿片区 | C75: 12 | D75: 8 | E75: 20 | G75: NE 东北大区 | H75: DC 华盛顿片区 | I75: =G75&""&H75 -> NE 东北大区DC 华盛顿片区 | J75: 12 | K75: 8 | L75: 20
A76: NE 东北大区 | B76: EWR.H | C76: 22 | D76: 16 | E76: 38 | G76: NE 东北大区 | H76: EWR.H | I76: =G76&""&H76 -> NE 东北大区EWR.H | J76: 22 | K76: 16 | L76: 38
A77: NE 东北大区 | B77: EWR01 | C77: 1 | E77: 1 | G77: NE 东北大区 | H77: EWR01 | I77: =G77&""&H77 -> NE 东北大区EWR01 | J77: 1 | L77: 1
A78: NE 东北大区 | B78: JFK.H | C78: 9 | D78: 6 | E78: 15 | G78: NE 东北大区 | H78: JFK.H | I78: =G78&""&H78 -> NE 东北大区JFK.H | J78: 9 | K78: 6 | L78: 15
A79: NE 东北大区 | B79: JFK01 | D79: 1 | E79: 1 | G79: NE 东北大区 | H79: JFK01 | I79: =G79&""&H79 -> NE 东北大区JFK01 | K79: 1 | L79: 1
A80: NE 东北大区 | B80: MA 新英格兰片区 | C80: 7 | D80: 1 | E80: 8 | G80: NE 东北大区 | H80: MA 新英格兰片区 | I80: =G80&""&H80 -> NE 东北大区MA 新英格兰片区 | J80: 7 | K80: 1 | L80: 8
A81: NE 东北大区 | B81: NY 纽约片区 | C81: 5 | D81: 11 | E81: 16 | G81: NE 东北大区 | H81: NY 纽约片区 | I81: =G81&""&H81 -> NE 东北大区NY 纽约片区 | J81: 5 | K81: 11 | L81: 16
A82: NE 东北大区 | B82: PA 宾州片区 | C82: 3 | D82: 5 | E82: 8 | G82: NE 东北大区 | H82: PA 宾州片区 | I82: =G82&""&H82 -> NE 东北大区PA 宾州片区 | J82: 3 | K82: 5 | L82: 8
A83: NE 东北大区 | B83: PHL01 | D83: 1 | E83: 1 | G83: NE 东北大区 | H83: PHL01 | I83: =G83&""&H83 -> NE 东北大区PHL01 | K83: 1 | L83: 1
A84: NE 东北大区 | B84: PIT01 | C84: 1 | E84: 1 | G84: NE 东北大区 | H84: PIT01 | I84: =G84&""&H84 -> NE 东北大区PIT01 | J84: 1 | L84: 1
A85: NE 东北大区 | B85: RIC01 | D85: 1 | E85: 1 | G85: NE 东北大区 | H85: RIC01 | I85: =G85&""&H85 -> NE 东北大区RIC01 | K85: 1 | L85: 1
A86: NE 东北大区 | B86: 车辆管理部 | C86: 4 | D86: 2 | E86: 6 | G86: NE 东北大区 | H86: 车辆管理部 | I86: =G86&""&H86 -> NE 东北大区车辆管理部 | J86: 4 | K86: 2 | L86: 6
A87: NE 东北大区 | B87: 揽收部 | C87: 8 | D87: 5 | E87: 13 | G87: NE 东北大区 | H87: 揽收部 | I87: =G87&""&H87 -> NE 东北大区揽收部 | J87: 8 | K87: 5 | L87: 13
A88: NE 东北大区 | B88: 运营支持部 | C88: 4 | D88: 11 | E88: 15 | G88: NE 东北大区 | H88: 运营支持部 | I88: =G88&""&H88 -> NE 东北大区运营支持部 | J88: 4 | K88: 11 | L88: 15
A89: NE 东北大区 汇总 | C89: 84 | D89: 82 | E89: 166 | G89: NE 东北大区 汇总 | I89: =G89&""&H89 -> NE 东北大区 汇总 | J89: 84 | K89: 82 | L89: 166
A90: NP 网络规划部 | D90: 1 | E90: 1 | G90: NP 网络规划部 | I90: =G90&""&H90 -> NP 网络规划部 | K90: 1 | L90: 1
A91: OM 操作管理部 | C91: 4 | D91: 12 | E91: 16 | G91: OM 操作管理部 | I91: =G91&""&H91 -> OM 操作管理部 | J91: 4 | K91: 12 | L91: 16
A92: QC 质量控制部 | C92: 5 | D92: 1 | E92: 6 | G92: QC 质量控制部 | I92: =G92&""&H92 -> QC 质量控制部 | J92: 5 | K92: 1 | L92: 6
A93: SM 战略管理部 | D93: 1 | E93: 1 | G93: SM 战略管理部 | I93: =G93&""&H93 -> SM 战略管理部 | K93: 1 | L93: 1
A94: SM 站点管理部 | C94: 2 | D94: 6 | E94: 8 | G94: SM 站点管理部 | I94: =G94&""&H94 -> SM 站点管理部 | J94: 2 | K94: 6 | L94: 8
A95: TX 德州大区 | D95: 1 | E95: 1 | G95: TX 德州大区 | I95: =G95&""&H95 -> TX 德州大区 | K95: 1 | L95: 1
A96: TX 德州大区 | B96: CT 中德州片区 | C96: 2 | D96: 8 | E96: 10 | G96: TX 德州大区 | H96: CT 中德州片区 | I96: =G96&""&H96 -> TX 德州大区CT 中德州片区 | J96: 2 | K96: 8 | L96: 10
A97: TX 德州大区 | B97: DFW.H | C97: 14 | D97: 11 | E97: 25 | G97: TX 德州大区 | H97: DFW.H | I97: =G97&""&H97 -> TX 德州大区DFW.H | J97: 14 | K97: 11 | L97: 25
A98: TX 德州大区 | B98: GC 墨湾片区 | C98: 3 | D98: 12 | E98: 15 | G98: TX 德州大区 | H98: GC 墨湾片区 | I98: =G98&""&H98 -> TX 德州大区GC 墨湾片区 | J98: 3 | K98: 12 | L98: 15
A99: TX 德州大区 | B99: IAH.H | C99: 11 | D99: 7 | E99: 18 | G99: TX 德州大区 | H99: IAH.H | I99: =G99&""&H99 -> TX 德州大区IAH.H | J99: 11 | K99: 7 | L99: 18
A100: TX 德州大区 | B100: NT 北德州片区 | C100: 4 | D100: 11 | E100: 15 | G100: TX 德州大区 | H100: NT 北德州片区 | I100: =G100&""&H100 -> TX 德州大区NT 北德州片区 | J100: 4 | K100: 11 | L100: 15
A101: TX 德州大区 | B101: 揽收部 | C101: 7 | D101: 2 | E101: 9 | G101: TX 德州大区 | H101: 揽收部 | I101: =G101&""&H101 -> TX 德州大区揽收部 | J101: 7 | K101: 2 | L101: 9
A102: TX 德州大区 | B102: 运营支持部 | C102: 5 | D102: 2 | E102: 7 | G102: TX 德州大区 | H102: 运营支持部 | I102: =G102&""&H102 -> TX 德州大区运营支持部 | J102: 5 | K102: 2 | L102: 7
...

Sheet 是否排班
A3: 计数项:工号 | C3: 是否排班 | G3: 计数项:工号 | J3: 是否排班
A4: 三级部门 | B4: 四级部门 | C4: 是 | D4: 否 | E4: 总计 | G4: 三级部门 | H4: 四级部门 | I4: 辅助 | J4: 是 | K4: 否 | L4: 总计 | M4: 排班率
A5: AD 行政部 | C5: 18 | E5: 18 | G5: AD 行政部 | I5: =G5&""&H5 -> AD 行政部 | J5: 18 | L5: 18 | M5: =J5/L5 -> 1
A6: AS 审计监察部 | C6: 2 | E6: 2 | G6: AS 审计监察部 | I6: =G6&""&H6 -> AS 审计监察部 | J6: 2 | L6: 2 | M6: =J6/L6 -> 1
A7: BD 本地客户部 | C7: 17 | E7: 17 | G7: BD 本地客户部 | I7: =G7&""&H7 -> BD 本地客户部 | J7: 17 | L7: 17 | M7: =J7/L7 -> 1
A8: BM 品牌市场部 | C8: 6 | E8: 6 | G8: BM 品牌市场部 | I8: =G8&""&H8 -> BM 品牌市场部 | J8: 6 | L8: 6 | M8: =J8/L8 -> 1
A9: CM 运力管理部 | C9: 12 | E9: 12 | G9: CM 运力管理部 | I9: =G9&""&H9 -> CM 运力管理部 | J9: 12 | L9: 12 | M9: =J9/L9 -> 1
A10: CS 客户服务部 | C10: 7 | E10: 7 | G10: CS 客户服务部 | I10: =G10&""&H10 -> CS 客户服务部 | J10: 7 | L10: 7 | M10: =J10/L10 -> 1
A11: DO 数字运营部 | C11: 15 | E11: 15 | G11: DO 数字运营部 | I11: =G11&""&H11 -> DO 数字运营部 | J11: 15 | L11: 15 | M11: =J11/L11 -> 1
A12: FL 佛州大区 | C12: 1 | E12: 1 | G12: FL 佛州大区 | I12: =G12&""&H12 -> FL 佛州大区 | J12: 1 | L12: 1 | M12: =J12/L12 -> 1
A13: FL 佛州大区 | B13: FTM01 | C13: 3 | E13: 3 | G13: FL 佛州大区 | H13: FTM01 | I13: =G13&""&H13 -> FL 佛州大区FTM01 | J13: 3 | L13: 3 | M13: =J13/L13 -> 1
A14: FL 佛州大区 | B14: MCO.H | C14: 28 | E14: 28 | G14: FL 佛州大区 | H14: MCO.H | I14: =G14&""&H14 -> FL 佛州大区MCO.H | J14: 28 | L14: 28 | M14: =J14/L14 -> 1
A15: FL 佛州大区 | B15: MCO01 | C15: 2 | E15: 2 | G15: FL 佛州大区 | H15: MCO01 | I15: =G15&""&H15 -> FL 佛州大区MCO01 | J15: 2 | L15: 2 | M15: =J15/L15 -> 1
A16: FL 佛州大区 | B16: MF 中佛片区 | C16: 7 | E16: 7 | G16: FL 佛州大区 | H16: MF 中佛片区 | I16: =G16&""&H16 -> FL 佛州大区MF 中佛片区 | J16: 7 | L16: 7 | M16: =J16/L16 -> 1
A17: FL 佛州大区 | B17: MIA.H | C17: 33 | D17: 1 | E17: 34 | G17: FL 佛州大区 | H17: MIA.H | I17: =G17&""&H17 -> FL 佛州大区MIA.H | J17: 33 | K17: 1 | L17: 34 | M17: =J17/L17 -> 0.97058824
A18: FL 佛州大区 | B18: MIA01 | C18: 3 | E18: 3 | G18: FL 佛州大区 | H18: MIA01 | I18: =G18&""&H18 -> FL 佛州大区MIA01 | J18: 3 | L18: 3 | M18: =J18/L18 -> 1
A19: FL 佛州大区 | B19: NF 北佛片区 | C19: 7 | E19: 7 | G19: FL 佛州大区 | H19: NF 北佛片区 | I19: =G19&""&H19 -> FL 佛州大区NF 北佛片区 | J19: 7 | L19: 7 | M19: =J19/L19 -> 1
A20: FL 佛州大区 | B20: OCF01 | C20: 1 | E20: 1 | G20: FL 佛州大区 | H20: OCF01 | I20: =G20&""&H20 -> FL 佛州大区OCF01 | J20: 1 | L20: 1 | M20: =J20/L20 -> 1
A21: FL 佛州大区 | B21: SF 南佛片区 | C21: 9 | D21: 1 | E21: 10 | G21: FL 佛州大区 | H21: SF 南佛片区 | I21: =G21&""&H21 -> FL 佛州大区SF 南佛片区 | J21: 9 | K21: 1 | L21: 10 | M21: =J21/L21 -> 0.9
A22: FL 佛州大区 | B22: SRQ01 | C22: 1 | E22: 1 | G22: FL 佛州大区 | H22: SRQ01 | I22: =G22&""&H22 -> FL 佛州大区SRQ01 | J22: 1 | L22: 1 | M22: =J22/L22 -> 1
A23: FL 佛州大区 | B23: TPA01 | C23: 2 | E23: 2 | G23: FL 佛州大区 | H23: TPA01 | I23: =G23&""&H23 -> FL 佛州大区TPA01 | J23: 2 | L23: 2 | M23: =J23/L23 -> 1
A24: FL 佛州大区 | B24: WF 西佛片区 | C24: 6 | E24: 6 | G24: FL 佛州大区 | H24: WF 西佛片区 | I24: =G24&""&H24 -> FL 佛州大区WF 西佛片区 | J24: 6 | L24: 6 | M24: =J24/L24 -> 1
A25: FL 佛州大区 | B25: WPB01 | C25: 1 | E25: 1 | G25: FL 佛州大区 | H25: WPB01 | I25: =G25&""&H25 -> FL 佛州大区WPB01 | J25: 1 | L25: 1 | M25: =J25/L25 -> 1
A26: FL 佛州大区 | B26: 运营支持部 | C26: 4 | E26: 4 | G26: FL 佛州大区 | H26: 运营支持部 | I26: =G26&""&H26 -> FL 佛州大区运营支持部 | J26: 4 | L26: 4 | M26: =J26/L26 -> 1
A27: FL 佛州大区 汇总 | C27: 108 | D27: 2 | E27: 110 | G27: FL 佛州大区 汇总 | I27: =G27&""&H27 -> FL 佛州大区 汇总 | J27: 108 | K27: 2 | L27: 110 | M27: =J27/L27 -> 0.98181818
A28: GL 大湖大区 | C28: 2 | E28: 2 | G28: GL 大湖大区 | I28: =G28&""&H28 -> GL 大湖大区 | J28: 2 | L28: 2 | M28: =J28/L28 -> 1
A29: GL 大湖大区 | B29: CLE01 | C29: 1 | E29: 1 | G29: GL 大湖大区 | H29: CLE01 | I29: =G29&""&H29 -> GL 大湖大区CLE01 | J29: 1 | L29: 1 | M29: =J29/L29 -> 1
A30: GL 大湖大区 | B30: CM 中西部中心片区 | C30: 6 | E30: 6 | G30: GL 大湖大区 | H30: CM 中西部中心片区 | I30: =G30&""&H30 -> GL 大湖大区CM 中西部中心片区 | J30: 6 | L30: 6 | M30: =J30/L30 -> 1
A31: GL 大湖大区 | B31: CMH01 | C31: 1 | E31: 1 | G31: GL 大湖大区 | H31: CMH01 | I31: =G31&""&H31 -> GL 大湖大区CMH01 | J31: 1 | L31: 1 | M31: =J31/L31 -> 1
A32: GL 大湖大区 | B32: CVG.H | C32: 2 | E32: 2 | G32: GL 大湖大区 | H32: CVG.H | I32: =G32&""&H32 -> GL 大湖大区CVG.H | J32: 2 | L32: 2 | M32: =J32/L32 -> 1
A33: GL 大湖大区 | B33: EG 东大湖片区 | C33: 5 | E33: 5 | G33: GL 大湖大区 | H33: EG 东大湖片区 | I33: =G33&""&H33 -> GL 大湖大区EG 东大湖片区 | J33: 5 | L33: 5 | M33: =J33/L33 -> 1
A34: GL 大湖大区 | B34: IND01 | C34: 3 | E34: 3 | G34: GL 大湖大区 | H34: IND01 | I34: =G34&""&H34 -> GL 大湖大区IND01 | J34: 3 | L34: 3 | M34: =J34/L34 -> 1
A35: GL 大湖大区 | B35: MCI01 | C35: 2 | E35: 2 | G35: GL 大湖大区 | H35: MCI01 | I35: =G35&""&H35 -> GL 大湖大区MCI01 | J35: 2 | L35: 2 | M35: =J35/L35 -> 1
A36: GL 大湖大区 | B36: MKE01 | C36: 2 | E36: 2 | G36: GL 大湖大区 | H36: MKE01 | I36: =G36&""&H36 -> GL 大湖大区MKE01 | J36: 2 | L36: 2 | M36: =J36/L36 -> 1
A37: GL 大湖大区 | B37: NM 中西部北片区 | C37: 6 | E37: 6 | G37: GL 大湖大区 | H37: NM 中西部北片区 | I37: =G37&""&H37 -> GL 大湖大区NM 中西部北片区 | J37: 6 | L37: 6 | M37: =J37/L37 -> 1
A38: GL 大湖大区 | B38: ORD.H | C38: 28 | D38: 1 | E38: 29 | G38: GL 大湖大区 | H38: ORD.H | I38: =G38&""&H38 -> GL 大湖大区ORD.H | J38: 28 | K38: 1 | L38: 29 | M38: =J38/L38 -> 0.96551724
A39: GL 大湖大区 | B39: ORD01 | C39: 2 | E39: 2 | G39: GL 大湖大区 | H39: ORD01 | I39: =G39&""&H39 -> GL 大湖大区ORD01 | J39: 2 | L39: 2 | M39: =J39/L39 -> 1
A40: GL 大湖大区 | B40: WG 西大湖片区 | C40: 10 | E40: 10 | G40: GL 大湖大区 | H40: WG 西大湖片区 | I40: =G40&""&H40 -> GL 大湖大区WG 西大湖片区 | J40: 10 | L40: 10 | M40: =J40/L40 -> 1
A41: GL 大湖大区 | B41: 车辆管理部 | D41: 1 | E41: 1 | G41: GL 大湖大区 | H41: 车辆管理部 | I41: =G41&""&H41 -> GL 大湖大区车辆管理部 | K41: 1 | L41: 1 | M41: =J41/L41 -> 0
A42: GL 大湖大区 | B42: 揽收部 | C42: 5 | E42: 5 | G42: GL 大湖大区 | H42: 揽收部 | I42: =G42&""&H42 -> GL 大湖大区揽收部 | J42: 5 | L42: 5 | M42: =J42/L42 -> 1
A43: GL 大湖大区 | B43: 运营支持部 | C43: 8 | E43: 8 | G43: GL 大湖大区 | H43: 运营支持部 | I43: =G43&""&H43 -> GL 大湖大区运营支持部 | J43: 8 | L43: 8 | M43: =J43/L43 -> 1
A44: GL 大湖大区 汇总 | C44: 83 | D44: 2 | E44: 85 | G44: GL 大湖大区 汇总 | I44: =G44&""&H44 -> GL 大湖大区 汇总 | J44: 83 | K44: 2 | L44: 85 | M44: =J44/L44 -> 0.97647059
A45: Gofo财务部 | C45: 3 | E45: 3 | G45: Gofo财务部 | I45: =G45&""&H45 -> Gofo财务部 | J45: 3 | L45: 3 | M45: =J45/L45 -> 1
A46: Ground项目部 | B46: OG 美东区 | C46: 18 | E46: 18 | G46: Ground项目部 | H46: OG 美东区 | I46: =G46&""&H46 -> Ground项目部OG 美东区 | J46: 18 | L46: 18 | M46: =J46/L46 -> 1
A47: Ground项目部 | B47: OG 美南区 | C47: 8 | D47: 2 | E47: 10 | G47: Ground项目部 | H47: OG 美南区 | I47: =G47&""&H47 -> Ground项目部OG 美南区 | J47: 8 | K47: 2 | L47: 10 | M47: =J47/L47 -> 0.8
A48: Ground项目部 | B48: OG 美西区 | C48: 42 | E48: 42 | G48: Ground项目部 | H48: OG 美西区 | I48: =G48&""&H48 -> Ground项目部OG 美西区 | J48: 42 | L48: 42 | M48: =J48/L48 -> 1
A49: Ground项目部 | B49: OG 美中区 | C49: 7 | E49: 7 | G49: Ground项目部 | H49: OG 美中区 | I49: =G49&""&H49 -> Ground项目部OG 美中区 | J49: 7 | L49: 7 | M49: =J49/L49 -> 1
A50: Ground项目部 | B50: 派送管理部 | C50: 8 | E50: 8 | G50: Ground项目部 | H50: 派送管理部 | I50: =G50&""&H50 -> Ground项目部派送管理部 | J50: 8 | L50: 8 | M50: =J50/L50 -> 1
A51: Ground项目部 | B51: 运营管理部 | C51: 3 | E51: 3 | G51: Ground项目部 | H51: 运营管理部 | I51: =G51&""&H51 -> Ground项目部运营管理部 | J51: 3 | L51: 3 | M51: =J51/L51 -> 1
A52: Ground项目部 汇总 | C52: 86 | D52: 2 | E52: 88 | G52: Ground项目部 汇总 | I52: =G52&""&H52 -> Ground项目部 汇总 | J52: 86 | K52: 2 | L52: 88 | M52: =J52/L52 -> 0.97727273
A53: IC 跨境客户部 | C53: 6 | E53: 6 | G53: IC 跨境客户部 | I53: =G53&""&H53 -> IC 跨境客户部 | J53: 6 | L53: 6 | M53: =J53/L53 -> 1
A54: LD 法务部 | C54: 2 | E54: 2 | G54: LD 法务部 | I54: =G54&""&H54 -> LD 法务部 | J54: 2 | L54: 2 | M54: =J54/L54 -> 1
A55: MS 中南大区 | C55: 1 | E55: 1 | G55: MS 中南大区 | I55: =G55&""&H55 -> MS 中南大区 | J55: 1 | L55: 1 | M55: =J55/L55 -> 1
A56: MS 中南大区 | B56: AS 奥萨查沿海片区 | C56: 3 | E56: 3 | G56: MS 中南大区 | H56: AS 奥萨查沿海片区 | I56: =G56&""&H56 -> MS 中南大区AS 奥萨查沿海片区 | J56: 3 | L56: 3 | M56: =J56/L56 -> 1
A57: MS 中南大区 | B57: AS 亚特兰大和南阿拉巴马片区 | C57: 11 | D57: 1 | E57: 12 | G57: MS 中南大区 | H57: AS 亚特兰大和南阿拉巴马片区 | I57: =G57&""&H57 -> MS 中南大区AS 亚特兰大和南阿拉巴马片区 | J57: 11 | K57: 1 | L57: 12 | M57: =J57/L57 -> 0.91666667
A58: MS 中南大区 | B58: ATL.H | C58: 19 | E58: 19 | G58: MS 中南大区 | H58: ATL.H | I58: =G58&""&H58 -> MS 中南大区ATL.H | J58: 19 | L58: 19 | M58: =J58/L58 -> 1
A59: MS 中南大区 | B59: BN 田纳西和北阿拉巴马片区 | C59: 6 | E59: 6 | G59: MS 中南大区 | H59: BN 田纳西和北阿拉巴马片区 | I59: =G59&""&H59 -> MS 中南大区BN 田纳西和北阿拉巴马片区 | J59: 6 | L59: 6 | M59: =J59/L59 -> 1
A60: MS 中南大区 | B60: CLT.H | C60: 11 | E60: 11 | G60: MS 中南大区 | H60: CLT.H | I60: =G60&""&H60 -> MS 中南大区CLT.H | J60: 11 | L60: 11 | M60: =J60/L60 -> 1
A61: MS 中南大区 | B61: CS 夏洛特及周边片区 | C61: 9 | D61: 4 | E61: 13 | G61: MS 中南大区 | H61: CS 夏洛特及周边片区 | I61: =G61&""&H61 -> MS 中南大区CS 夏洛特及周边片区 | J61: 9 | K61: 4 | L61: 13 | M61: =J61/L61 -> 0.69230769
A62: MS 中南大区 | B62: PDK.H | C62: 1 | E62: 1 | G62: MS 中南大区 | H62: PDK.H | I62: =G62&""&H62 -> MS 中南大区PDK.H | J62: 1 | L62: 1 | M62: =J62/L62 -> 1
A63: MS 中南大区 | B63: RE 北卡和东南海岸片区 | C63: 6 | D63: 2 | E63: 8 | G63: MS 中南大区 | H63: RE 北卡和东南海岸片区 | I63: =G63&""&H63 -> MS 中南大区RE 北卡和东南海岸片区 | J63: 6 | K63: 2 | L63: 8 | M63: =J63/L63 -> 0.75
A64: MS 中南大区 | B64: 车辆管理部 | C64: 2 | E64: 2 | G64: MS 中南大区 | H64: 车辆管理部 | I64: =G64&""&H64 -> MS 中南大区车辆管理部 | J64: 2 | L64: 2 | M64: =J64/L64 -> 1
A65: MS 中南大区 | B65: 揽收部 | C65: 3 | E65: 3 | G65: MS 中南大区 | H65: 揽收部 | I65: =G65&""&H65 -> MS 中南大区揽收部 | J65: 3 | L65: 3 | M65: =J65/L65 -> 1
A66: MS 中南大区 | B66: 运营支持部 | C66: 2 | D66: 1 | E66: 3 | G66: MS 中南大区 | H66: 运营支持部 | I66: =G66&""&H66 -> MS 中南大区运营支持部 | J66: 2 | K66: 1 | L66: 3 | M66: =J66/L66 -> 0.66666667
A67: MS 中南大区 汇总 | C67: 74 | D67: 8 | E67: 82 | G67: MS 中南大区 汇总 | I67: =G67&""&H67 -> MS 中南大区 汇总 | J67: 74 | K67: 8 | L67: 82 | M67: =J67/L67 -> 0.90243902
A68: NE 东北大区 | C68: 1 | E68: 1 | G68: NE 东北大区 | I68: =G68&""&H68 -> NE 东北大区 | J68: 1 | L68: 1 | M68: =J68/L68 -> 1
A69: NE 东北大区 | B69: BDL01 | C69: 3 | E69: 3 | G69: NE 东北大区 | H69: BDL01 | I69: =G69&""&H69 -> NE 东北大区BDL01 | J69: 3 | L69: 3 | M69: =J69/L69 -> 1
A70: NE 东北大区 | B70: BN 布法罗片区 | C70: 6 | E70: 6 | G70: NE 东北大区 | H70: BN 布法罗片区 | I70: =G70&""&H70 -> NE 东北大区BN 布法罗片区 | J70: 6 | L70: 6 | M70: =J70/L70 -> 1
A71: NE 东北大区 | B71: BOS01 | C71: 2 | E71: 2 | G71: NE 东北大区 | H71: BOS01 | I71: =G71&""&H71 -> NE 东北大区BOS01 | J71: 2 | L71: 2 | M71: =J71/L71 -> 1
A72: NE 东北大区 | B72: BUF01 | C72: 2 | E72: 2 | G72: NE 东北大区 | H72: BUF01 | I72: =G72&""&H72 -> NE 东北大区BUF01 | J72: 2 | L72: 2 | M72: =J72/L72 -> 1
A73: NE 东北大区 | B73: BWI.H | C73: 6 | E73: 6 | G73: NE 东北大区 | H73: BWI.H | I73: =G73&""&H73 -> NE 东北大区BWI.H | J73: 6 | L73: 6 | M73: =J73/L73 -> 1
A74: NE 东北大区 | B74: BWI01 | C74: 2 | E74: 2 | G74: NE 东北大区 | H74: BWI01 | I74: =G74&""&H74 -> NE 东北大区BWI01 | J74: 2 | L74: 2 | M74: =J74/L74 -> 1
A75: NE 东北大区 | B75: DC 华盛顿片区 | C75: 20 | E75: 20 | G75: NE 东北大区 | H75: DC 华盛顿片区 | I75: =G75&""&H75 -> NE 东北大区DC 华盛顿片区 | J75: 20 | L75: 20 | M75: =J75/L75 -> 1
A76: NE 东北大区 | B76: EWR.H | C76: 38 | E76: 38 | G76: NE 东北大区 | H76: EWR.H | I76: =G76&""&H76 -> NE 东北大区EWR.H | J76: 38 | L76: 38 | M76: =J76/L76 -> 1
A77: NE 东北大区 | B77: EWR01 | C77: 1 | E77: 1 | G77: NE 东北大区 | H77: EWR01 | I77: =G77&""&H77 -> NE 东北大区EWR01 | J77: 1 | L77: 1 | M77: =J77/L77 -> 1
A78: NE 东北大区 | B78: JFK.H | C78: 15 | E78: 15 | G78: NE 东北大区 | H78: JFK.H | I78: =G78&""&H78 -> NE 东北大区JFK.H | J78: 15 | L78: 15 | M78: =J78/L78 -> 1
A79: NE 东北大区 | B79: JFK01 | C79: 1 | E79: 1 | G79: NE 东北大区 | H79: JFK01 | I79: =G79&""&H79 -> NE 东北大区JFK01 | J79: 1 | L79: 1 | M79: =J79/L79 -> 1
A80: NE 东北大区 | B80: MA 新英格兰片区 | C80: 8 | E80: 8 | G80: NE 东北大区 | H80: MA 新英格兰片区 | I80: =G80&""&H80 -> NE 东北大区MA 新英格兰片区 | J80: 8 | L80: 8 | M80: =J80/L80 -> 1
A81: NE 东北大区 | B81: NY 纽约片区 | C81: 15 | D81: 1 | E81: 16 | G81: NE 东北大区 | H81: NY 纽约片区 | I81: =G81&""&H81 -> NE 东北大区NY 纽约片区 | J81: 15 | K81: 1 | L81: 16 | M81: =J81/L81 -> 0.9375
A82: NE 东北大区 | B82: PA 宾州片区 | C82: 8 | E82: 8 | G82: NE 东北大区 | H82: PA 宾州片区 | I82: =G82&""&H82 -> NE 东北大区PA 宾州片区 | J82: 8 | L82: 8 | M82: =J82/L82 -> 1
A83: NE 东北大区 | B83: PHL01 | C83: 1 | E83: 1 | G83: NE 东北大区 | H83: PHL01 | I83: =G83&""&H83 -> NE 东北大区PHL01 | J83: 1 | L83: 1 | M83: =J83/L83 -> 1
A84: NE 东北大区 | B84: PIT01 | C84: 1 | E84: 1 | G84: NE 东北大区 | H84: PIT01 | I84: =G84&""&H84 -> NE 东北大区PIT01 | J84: 1 | L84: 1 | M84: =J84/L84 -> 1
A85: NE 东北大区 | B85: RIC01 | C85: 1 | E85: 1 | G85: NE 东北大区 | H85: RIC01 | I85: =G85&""&H85 -> NE 东北大区RIC01 | J85: 1 | L85: 1 | M85: =J85/L85 -> 1
A86: NE 东北大区 | B86: 车辆管理部 | C86: 6 | E86: 6 | G86: NE 东北大区 | H86: 车辆管理部 | I86: =G86&""&H86 -> NE 东北大区车辆管理部 | J86: 6 | L86: 6 | M86: =J86/L86 -> 1
A87: NE 东北大区 | B87: 揽收部 | C87: 13 | E87: 13 | G87: NE 东北大区 | H87: 揽收部 | I87: =G87&""&H87 -> NE 东北大区揽收部 | J87: 13 | L87: 13 | M87: =J87/L87 -> 1
A88: NE 东北大区 | B88: 运营支持部 | C88: 15 | E88: 15 | G88: NE 东北大区 | H88: 运营支持部 | I88: =G88&""&H88 -> NE 东北大区运营支持部 | J88: 15 | L88: 15 | M88: =J88/L88 -> 1
A89: NE 东北大区 汇总 | C89: 165 | D89: 1 | E89: 166 | G89: NE 东北大区 汇总 | I89: =G89&""&H89 -> NE 东北大区 汇总 | J89: 165 | K89: 1 | L89: 166 | M89: =J89/L89 -> 0.9939759
A90: NP 网络规划部 | C90: 1 | E90: 1 | G90: NP 网络规划部 | I90: =G90&""&H90 -> NP 网络规划部 | J90: 1 | L90: 1 | M90: =J90/L90 -> 1
A91: OM 操作管理部 | C91: 16 | E91: 16 | G91: OM 操作管理部 | I91: =G91&""&H91 -> OM 操作管理部 | J91: 16 | L91: 16 | M91: =J91/L91 -> 1
A92: QC 质量控制部 | C92: 6 | E92: 6 | G92: QC 质量控制部 | I92: =G92&""&H92 -> QC 质量控制部 | J92: 6 | L92: 6 | M92: =J92/L92 -> 1
A93: SM 战略管理部 | C93: 1 | E93: 1 | G93: SM 战略管理部 | I93: =G93&""&H93 -> SM 战略管理部 | J93: 1 | L93: 1 | M93: =J93/L93 -> 1
A94: SM 站点管理部 | C94: 8 | E94: 8 | G94: SM 站点管理部 | I94: =G94&""&H94 -> SM 站点管理部 | J94: 8 | L94: 8 | M94: =J94/L94 -> 1
A95: TX 德州大区 | C95: 1 | E95: 1 | G95: TX 德州大区 | I95: =G95&""&H95 -> TX 德州大区 | J95: 1 | L95: 1 | M95: =J95/L95 -> 1
A96: TX 德州大区 | B96: CT 中德州片区 | C96: 10 | E96: 10 | G96: TX 德州大区 | H96: CT 中德州片区 | I96: =G96&""&H96 -> TX 德州大区CT 中德州片区 | J96: 10 | L96: 10 | M96: =J96/L96 -> 1
A97: TX 德州大区 | B97: DFW.H | C97: 25 | E97: 25 | G97: TX 德州大区 | H97: DFW.H | I97: =G97&""&H97 -> TX 德州大区DFW.H | J97: 25 | L97: 25 | M97: =J97/L97 -> 1
A98: TX 德州大区 | B98: GC 墨湾片区 | C98: 15 | E98: 15 | G98: TX 德州大区 | H98: GC 墨湾片区 | I98: =G98&""&H98 -> TX 德州大区GC 墨湾片区 | J98: 15 | L98: 15 | M98: =J98/L98 -> 1
A99: TX 德州大区 | B99: IAH.H | C99: 18 | E99: 18 | G99: TX 德州大区 | H99: IAH.H | I99: =G99&""&H99 -> TX 德州大区IAH.H | J99: 18 | L99: 18 | M99: =J99/L99 -> 1
A100: TX 德州大区 | B100: NT 北德州片区 | C100: 14 | D100: 1 | E100: 15 | G100: TX 德州大区 | H100: NT 北德州片区 | I100: =G100&""&H100 -> TX 德州大区NT 北德州片区 | J100: 14 | K100: 1 | L100: 15 | M100: =J100/L100 -> 0.93333333
A101: TX 德州大区 | B101: 揽收部 | C101: 9 | E101: 9 | G101: TX 德州大区 | H101: 揽收部 | I101: =G101&""&H101 -> TX 德州大区揽收部 | J101: 9 | L101: 9 | M101: =J101/L101 -> 1
A102: TX 德州大区 | B102: 运营支持部 | C102: 7 | E102: 7 | G102: TX 德州大区 | H102: 运营支持部 | I102: =G102&""&H102 -> TX 德州大区运营支持部 | J102: 7 | L102: 7 | M102: =J102/L102 -> 1
...

Sheet 排班正确
A1: hub分类 | B1: HUB | H1: hub分类 | I1: HUB
A3: 计数项:工号 | C3: 是否排班正确 | H3: 计数项:工号 | K3: 是否排班正确
A4: 三级部门 | B4: 四级部门 | C4: / | D4: 不正确 | E4: 正确 | F4: 总计 | H4: 三级部门 | I4: 四级部门 | J4: 辅助 | K4: / | L4: 不正确 | M4: 正确 | N4: 总计 | O4: 正确率
A5: FL 佛州大区 | B5: MCO.H | D5: 3 | E5: 25 | F5: 28 | H5: FL 佛州大区 | I5: MCO.H | J5: =H5&""&I5 -> FL 佛州大区MCO.H | L5: 3 | M5: 25 | N5: 28 | O5: =M5/N5 -> 0.89285714
A6: FL 佛州大区 | B6: MIA.H | C6: 1 | D6: 7 | E6: 26 | F6: 34 | H6: FL 佛州大区 | I6: MIA.H | J6: =H6&""&I6 -> FL 佛州大区MIA.H | K6: 1 | L6: 7 | M6: 26 | N6: 34 | O6: =M6/N6 -> 0.76470588
A7: FL 佛州大区 汇总 | C7: 1 | D7: 10 | E7: 51 | F7: 62 | H7: FL 佛州大区 汇总 | J7: =H7&""&I7 -> FL 佛州大区 汇总 | K7: 1 | L7: 10 | M7: 51 | N7: 62 | O7: =M7/N7 -> 0.82258065
A8: GL 大湖大区 | B8: CVG.H | D8: 1 | E8: 1 | F8: 2 | H8: GL 大湖大区 | I8: CVG.H | J8: =H8&""&I8 -> GL 大湖大区CVG.H | L8: 1 | M8: 1 | N8: 2 | O8: =M8/N8 -> 0.5
A9: GL 大湖大区 | B9: ORD.H | C9: 1 | D9: 6 | E9: 22 | F9: 29 | H9: GL 大湖大区 | I9: ORD.H | J9: =H9&""&I9 -> GL 大湖大区ORD.H | K9: 1 | L9: 6 | M9: 22 | N9: 29 | O9: =M9/N9 -> 0.75862069
A10: GL 大湖大区 汇总 | C10: 1 | D10: 7 | E10: 23 | F10: 31 | H10: GL 大湖大区 汇总 | J10: =H10&""&I10 -> GL 大湖大区 汇总 | K10: 1 | L10: 7 | M10: 23 | N10: 31 | O10: =M10/N10 -> 0.74193548
A11: Ground项目部 | B11: OG 美东区 | D11: 1 | E11: 5 | F11: 6 | H11: Ground项目部 | I11: OG 美东区 | J11: =H11&""&I11 -> Ground项目部OG 美东区 | L11: 1 | M11: 5 | N11: 6 | O11: =M11/N11 -> 0.83333333
A12: Ground项目部 | B12: OG 美西区 | D12: 7 | E12: 9 | F12: 16 | H12: Ground项目部 | I12: OG 美西区 | J12: =H12&""&I12 -> Ground项目部OG 美西区 | L12: 7 | M12: 9 | N12: 16 | O12: =M12/N12 -> 0.5625
A13: Ground项目部 汇总 | D13: 8 | E13: 14 | F13: 22 | H13: Ground项目部 汇总 | J13: =H13&""&I13 -> Ground项目部 汇总 | L13: 8 | M13: 14 | N13: 22 | O13: =M13/N13 -> 0.63636364
A14: MS 中南大区 | B14: ATL.H | D14: 3 | E14: 16 | F14: 19 | H14: MS 中南大区 | I14: ATL.H | J14: =H14&""&I14 -> MS 中南大区ATL.H | L14: 3 | M14: 16 | N14: 19 | O14: =M14/N14 -> 0.84210526
A15: MS 中南大区 | B15: CLT.H | D15: 3 | E15: 8 | F15: 11 | H15: MS 中南大区 | I15: CLT.H | J15: =H15&""&I15 -> MS 中南大区CLT.H | L15: 3 | M15: 8 | N15: 11 | O15: =M15/N15 -> 0.72727273
A16: MS 中南大区 | B16: PDK.H | E16: 1 | F16: 1 | H16: MS 中南大区 | I16: PDK.H | J16: =H16&""&I16 -> MS 中南大区PDK.H | M16: 1 | N16: 1 | O16: =M16/N16 -> 1
A17: MS 中南大区 汇总 | D17: 6 | E17: 25 | F17: 31 | H17: MS 中南大区 汇总 | J17: =H17&""&I17 -> MS 中南大区 汇总 | L17: 6 | M17: 25 | N17: 31 | O17: =M17/N17 -> 0.80645161
A18: NE 东北大区 | B18: BWI.H | D18: 4 | E18: 2 | F18: 6 | H18: NE 东北大区 | I18: BWI.H | J18: =H18&""&I18 -> NE 东北大区BWI.H | L18: 4 | M18: 2 | N18: 6 | O18: =M18/N18 -> 0.33333333
A19: NE 东北大区 | B19: EWR.H | D19: 14 | E19: 24 | F19: 38 | H19: NE 东北大区 | I19: EWR.H | J19: =H19&""&I19 -> NE 东北大区EWR.H | L19: 14 | M19: 24 | N19: 38 | O19: =M19/N19 -> 0.63157895
A20: NE 东北大区 | B20: JFK.H | E20: 15 | F20: 15 | H20: NE 东北大区 | I20: JFK.H | J20: =H20&""&I20 -> NE 东北大区JFK.H | M20: 15 | N20: 15 | O20: =M20/N20 -> 1
A21: NE 东北大区 汇总 | D21: 18 | E21: 41 | F21: 59 | H21: NE 东北大区 汇总 | J21: =H21&""&I21 -> NE 东北大区 汇总 | L21: 18 | M21: 41 | N21: 59 | O21: =M21/N21 -> 0.69491525
A22: TX 德州大区 | B22: DFW.H | D22: 2 | E22: 23 | F22: 25 | H22: TX 德州大区 | I22: DFW.H | J22: =H22&""&I22 -> TX 德州大区DFW.H | L22: 2 | M22: 23 | N22: 25 | O22: =M22/N22 -> 0.92
A23: TX 德州大区 | B23: IAH.H | D23: 1 | E23: 17 | F23: 18 | H23: TX 德州大区 | I23: IAH.H | J23: =H23&""&I23 -> TX 德州大区IAH.H | L23: 1 | M23: 17 | N23: 18 | O23: =M23/N23 -> 0.94444444
A24: TX 德州大区 汇总 | D24: 3 | E24: 40 | F24: 43 | H24: TX 德州大区 汇总 | J24: =H24&""&I24 -> TX 德州大区 汇总 | L24: 3 | M24: 40 | N24: 43 | O24: =M24/N24 -> 0.93023256
A25: WE 美西大区 | B25: CNO.H | D25: 14 | E25: 34 | F25: 48 | H25: WE 美西大区 | I25: CNO.H | J25: =H25&""&I25 -> WE 美西大区CNO.H | L25: 14 | M25: 34 | N25: 48 | O25: =M25/N25 -> 0.70833333
A26: WE 美西大区 | B26: LAV.H | D26: 9 | E26: 32 | F26: 41 | H26: WE 美西大区 | I26: LAV.H | J26: =H26&""&I26 -> WE 美西大区LAV.H | L26: 9 | M26: 32 | N26: 41 | O26: =M26/N26 -> 0.7804878
A27: WE 美西大区 汇总 | D27: 23 | E27: 66 | F27: 89 | H27: WE 美西大区 汇总 | J27: =H27&""&I27 -> WE 美西大区 汇总 | L27: 23 | M27: 66 | N27: 89 | O27: =M27/N27 -> 0.74157303
A28: 总计 | C28: 2 | D28: 75 | E28: 260 | F28: 337 | H28: 总计 | J28: =H28&""&I28 -> 总计 | K28: 2 | L28: 75 | M28: 260 | N28: 337 | O28: =M28/N28 -> 0.77151335

Sheet 缺卡
A3: 三级部门 | B3: 四级部门 | C3: 求和项:缺卡次数 | D3: 求和项:标准打卡数 | F3: 三级部门 | G3: 四级部门 | H3: 辅助 | I3: 求和项:缺卡次数 | J3: 求和项:标准打卡数 | K3: queka1
A4: AD 行政部 | C4: 20 | D4: 60 | F4: AD 行政部 | H4: =F4&""&G4 -> AD 行政部 | I4: 20 | J4: 60 | K4: =I4/J4 -> 0.33333333
A5: AS 审计监察部 | C5: 2 | D5: 4 | F5: AS 审计监察部 | H5: =F5&""&G5 -> AS 审计监察部 | I5: 2 | J5: 4 | K5: =I5/J5 -> 0.5
A6: BD 本地客户部 | C6: 60 | D6: 60 | F6: BD 本地客户部 | H6: =F6&""&G6 -> BD 本地客户部 | I6: 60 | J6: 60 | K6: =I6/J6 -> 1
A7: BM 品牌市场部 | C7: 6 | D7: 12 | F7: BM 品牌市场部 | H7: =F7&""&G7 -> BM 品牌市场部 | I7: 6 | J7: 12 | K7: =I7/J7 -> 0.5
A8: CM 运力管理部 | C8: 29 | D8: 44 | F8: CM 运力管理部 | H8: =F8&""&G8 -> CM 运力管理部 | I8: 29 | J8: 44 | K8: =I8/J8 -> 0.65909091
A9: CS 客户服务部 | C9: 3 | D9: 28 | F9: CS 客户服务部 | H9: =F9&""&G9 -> CS 客户服务部 | I9: 3 | J9: 28 | K9: =I9/J9 -> 0.10714286
A10: DO 数字运营部 | C10: 23 | D10: 40 | F10: DO 数字运营部 | H10: =F10&""&G10 -> DO 数字运营部 | I10: 23 | J10: 40 | K10: =I10/J10 -> 0.575
A11: FL 佛州大区 | C11: 2 | D11: 4 | F11: FL 佛州大区 | H11: =F11&""&G11 -> FL 佛州大区 | I11: 2 | J11: 4 | K11: =I11/J11 -> 0.5
A12: FL 佛州大区 | B12: FTM01 | C12: 6 | D12: 12 | F12: FL 佛州大区 | G12: FTM01 | H12: =F12&""&G12 -> FL 佛州大区FTM01 | I12: 6 | J12: 12 | K12: =I12/J12 -> 0.5
A13: FL 佛州大区 | B13: MCO.H | C13: 5 | D13: 68 | F13: FL 佛州大区 | G13: MCO.H | H13: =F13&""&G13 -> FL 佛州大区MCO.H | I13: 5 | J13: 68 | K13: =I13/J13 -> 0.073529412
A14: FL 佛州大区 | B14: MCO01 | C14: 0 | D14: 8 | F14: FL 佛州大区 | G14: MCO01 | H14: =F14&""&G14 -> FL 佛州大区MCO01 | I14: 0 | J14: 8 | K14: =I14/J14 -> 0
A15: FL 佛州大区 | B15: MF 中佛片区 | C15: 10 | D15: 16 | F15: FL 佛州大区 | G15: MF 中佛片区 | H15: =F15&""&G15 -> FL 佛州大区MF 中佛片区 | I15: 10 | J15: 16 | K15: =I15/J15 -> 0.625
A16: FL 佛州大区 | B16: MIA.H | C16: 38 | D16: 112 | F16: FL 佛州大区 | G16: MIA.H | H16: =F16&""&G16 -> FL 佛州大区MIA.H | I16: 38 | J16: 112 | K16: =I16/J16 -> 0.33928571
A17: FL 佛州大区 | B17: MIA01 | C17: 1 | D17: 12 | F17: FL 佛州大区 | G17: MIA01 | H17: =F17&""&G17 -> FL 佛州大区MIA01 | I17: 1 | J17: 12 | K17: =I17/J17 -> 0.083333333
A18: FL 佛州大区 | B18: NF 北佛片区 | C18: 6 | D18: 24 | F18: FL 佛州大区 | G18: NF 北佛片区 | H18: =F18&""&G18 -> FL 佛州大区NF 北佛片区 | I18: 6 | J18: 24 | K18: =I18/J18 -> 0.25
A19: FL 佛州大区 | B19: OCF01 | C19: 2 | D19: 4 | F19: FL 佛州大区 | G19: OCF01 | H19: =F19&""&G19 -> FL 佛州大区OCF01 | I19: 2 | J19: 4 | K19: =I19/J19 -> 0.5
A20: FL 佛州大区 | B20: SF 南佛片区 | C20: 6 | D20: 24 | F20: FL 佛州大区 | G20: SF 南佛片区 | H20: =F20&""&G20 -> FL 佛州大区SF 南佛片区 | I20: 6 | J20: 24 | K20: =I20/J20 -> 0.25
A21: FL 佛州大区 | B21: SRQ01 | C21: 0 | D21: 4 | F21: FL 佛州大区 | G21: SRQ01 | H21: =F21&""&G21 -> FL 佛州大区SRQ01 | I21: 0 | J21: 4 | K21: =I21/J21 -> 0
A22: FL 佛州大区 | B22: TPA01 | C22: 5 | D22: 8 | F22: FL 佛州大区 | G22: TPA01 | H22: =F22&""&G22 -> FL 佛州大区TPA01 | I22: 5 | J22: 8 | K22: =I22/J22 -> 0.625
A23: FL 佛州大区 | B23: WF 西佛片区 | C23: 7 | D23: 16 | F23: FL 佛州大区 | G23: WF 西佛片区 | H23: =F23&""&G23 -> FL 佛州大区WF 西佛片区 | I23: 7 | J23: 16 | K23: =I23/J23 -> 0.4375
A24: FL 佛州大区 | B24: WPB01 | C24: 0 | D24: 0 | F24: FL 佛州大区 | G24: WPB01 | H24: =F24&""&G24 -> FL 佛州大区WPB01 | I24: 0 | J24: 0 | K24: /
A25: FL 佛州大区 | B25: 运营支持部 | C25: 3 | D25: 16 | F25: FL 佛州大区 | G25: 运营支持部 | H25: =F25&""&G25 -> FL 佛州大区运营支持部 | I25: 3 | J25: 16 | K25: =I25/J25 -> 0.1875
A26: FL 佛州大区 汇总 | C26: 91 | D26: 328 | F26: FL 佛州大区 汇总 | H26: =F26&""&G26 -> FL 佛州大区 汇总 | I26: 91 | J26: 328 | K26: =I26/J26 -> 0.27743902
A27: GL 大湖大区 | C27: 2 | D27: 4 | F27: GL 大湖大区 | H27: =F27&""&G27 -> GL 大湖大区 | I27: 2 | J27: 4 | K27: =I27/J27 -> 0.5
A28: GL 大湖大区 | B28: CLE01 | C28: 0 | D28: 4 | F28: GL 大湖大区 | G28: CLE01 | H28: =F28&""&G28 -> GL 大湖大区CLE01 | I28: 0 | J28: 4 | K28: =I28/J28 -> 0
A29: GL 大湖大区 | B29: CM 中西部中心片区 | C29: 4 | D29: 12 | F29: GL 大湖大区 | G29: CM 中西部中心片区 | H29: =F29&""&G29 -> GL 大湖大区CM 中西部中心片区 | I29: 4 | J29: 12 | K29: =I29/J29 -> 0.33333333
A30: GL 大湖大区 | B30: CMH01 | C30: 4 | D30: 4 | F30: GL 大湖大区 | G30: CMH01 | H30: =F30&""&G30 -> GL 大湖大区CMH01 | I30: 4 | J30: 4 | K30: =I30/J30 -> 1
A31: GL 大湖大区 | B31: CVG.H | C31: 2 | D31: 4 | F31: GL 大湖大区 | G31: CVG.H | H31: =F31&""&G31 -> GL 大湖大区CVG.H | I31: 2 | J31: 4 | K31: =I31/J31 -> 0.5
A32: GL 大湖大区 | B32: EG 东大湖片区 | C32: 3 | D32: 12 | F32: GL 大湖大区 | G32: EG 东大湖片区 | H32: =F32&""&G32 -> GL 大湖大区EG 东大湖片区 | I32: 3 | J32: 12 | K32: =I32/J32 -> 0.25
A33: GL 大湖大区 | B33: IND01 | C33: 0 | D33: 4 | F33: GL 大湖大区 | G33: IND01 | H33: =F33&""&G33 -> GL 大湖大区IND01 | I33: 0 | J33: 4 | K33: =I33/J33 -> 0
A34: GL 大湖大区 | B34: MCI01 | C34: 0 | D34: 4 | F34: GL 大湖大区 | G34: MCI01 | H34: =F34&""&G34 -> GL 大湖大区MCI01 | I34: 0 | J34: 4 | K34: =I34/J34 -> 0
A35: GL 大湖大区 | B35: MKE01 | C35: 6 | D35: 8 | F35: GL 大湖大区 | G35: MKE01 | H35: =F35&""&G35 -> GL 大湖大区MKE01 | I35: 6 | J35: 8 | K35: =I35/J35 -> 0.75
A36: GL 大湖大区 | B36: NM 中西部北片区 | C36: 9 | D36: 20 | F36: GL 大湖大区 | G36: NM 中西部北片区 | H36: =F36&""&G36 -> GL 大湖大区NM 中西部北片区 | I36: 9 | J36: 20 | K36: =I36/J36 -> 0.45
A37: GL 大湖大区 | B37: ORD.H | C37: 29 | D37: 88 | F37: GL 大湖大区 | G37: ORD.H | H37: =F37&""&G37 -> GL 大湖大区ORD.H | I37: 29 | J37: 88 | K37: =I37/J37 -> 0.32954545
A38: GL 大湖大区 | B38: ORD01 | C38: 4 | D38: 4 | F38: GL 大湖大区 | G38: ORD01 | H38: =F38&""&G38 -> GL 大湖大区ORD01 | I38: 4 | J38: 4 | K38: =I38/J38 -> 1
A39: GL 大湖大区 | B39: WG 西大湖片区 | C39: 19 | D39: 32 | F39: GL 大湖大区 | G39: WG 西大湖片区 | H39: =F39&""&G39 -> GL 大湖大区WG 西大湖片区 | I39: 19 | J39: 32 | K39: =I39/J39 -> 0.59375
A40: GL 大湖大区 | B40: 车辆管理部 | C40: 0 | D40: 0 | F40: GL 大湖大区 | G40: 车辆管理部 | H40: =F40&""&G40 -> GL 大湖大区车辆管理部 | I40: 0 | J40: 0 | K40: /
A41: GL 大湖大区 | B41: 揽收部 | C41: 6 | D41: 20 | F41: GL 大湖大区 | G41: 揽收部 | H41: =F41&""&G41 -> GL 大湖大区揽收部 | I41: 6 | J41: 20 | K41: =I41/J41 -> 0.3
A42: GL 大湖大区 | B42: 运营支持部 | C42: 12 | D42: 28 | F42: GL 大湖大区 | G42: 运营支持部 | H42: =F42&""&G42 -> GL 大湖大区运营支持部 | I42: 12 | J42: 28 | K42: =I42/J42 -> 0.42857143
A43: GL 大湖大区 汇总 | C43: 100 | D43: 248 | F43: GL 大湖大区 汇总 | H43: =F43&""&G43 -> GL 大湖大区 汇总 | I43: 100 | J43: 248 | K43: =I43/J43 -> 0.40322581
A44: Gofo财务部 | C44: 8 | D44: 12 | F44: Gofo财务部 | H44: =F44&""&G44 -> Gofo财务部 | I44: 8 | J44: 12 | K44: =I44/J44 -> 0.66666667
A45: Ground项目部 | B45: OG 美东区 | C45: 13 | D45: 68 | F45: Ground项目部 | G45: OG 美东区 | H45: =F45&""&G45 -> Ground项目部OG 美东区 | I45: 13 | J45: 68 | K45: =I45/J45 -> 0.19117647
A46: Ground项目部 | B46: OG 美南区 | C46: 8 | D46: 24 | F46: Ground项目部 | G46: OG 美南区 | H46: =F46&""&G46 -> Ground项目部OG 美南区 | I46: 8 | J46: 24 | K46: =I46/J46 -> 0.33333333
A47: Ground项目部 | B47: OG 美西区 | C47: 41 | D47: 136 | F47: Ground项目部 | G47: OG 美西区 | H47: =F47&""&G47 -> Ground项目部OG 美西区 | I47: 41 | J47: 136 | K47: =I47/J47 -> 0.30147059
A48: Ground项目部 | B48: OG 美中区 | C48: 17 | D48: 28 | F48: Ground项目部 | G48: OG 美中区 | H48: =F48&""&G48 -> Ground项目部OG 美中区 | I48: 17 | J48: 28 | K48: =I48/J48 -> 0.60714286
A49: Ground项目部 | B49: 派送管理部 | C49: 6 | D49: 16 | F49: Ground项目部 | G49: 派送管理部 | H49: =F49&""&G49 -> Ground项目部派送管理部 | I49: 6 | J49: 16 | K49: =I49/J49 -> 0.375
A50: Ground项目部 | B50: 运营管理部 | C50: 2 | D50: 4 | F50: Ground项目部 | G50: 运营管理部 | H50: =F50&""&G50 -> Ground项目部运营管理部 | I50: 2 | J50: 4 | K50: =I50/J50 -> 0.5
A51: Ground项目部 汇总 | C51: 87 | D51: 276 | F51: Ground项目部 汇总 | H51: =F51&""&G51 -> Ground项目部 汇总 | I51: 87 | J51: 276 | K51: =I51/J51 -> 0.31521739
A52: IC 跨境客户部 | C52: 12 | D52: 20 | F52: IC 跨境客户部 | H52: =F52&""&G52 -> IC 跨境客户部 | I52: 12 | J52: 20 | K52: =I52/J52 -> 0.6
A53: LD 法务部 | C53: 1 | D53: 8 | F53: LD 法务部 | H53: =F53&""&G53 -> LD 法务部 | I53: 1 | J53: 8 | K53: =I53/J53 -> 0.125
A54: MS 中南大区 | C54: 2 | D54: 4 | F54: MS 中南大区 | H54: =F54&""&G54 -> MS 中南大区 | I54: 2 | J54: 4 | K54: =I54/J54 -> 0.5
A55: MS 中南大区 | B55: AS 奥萨查沿海片区 | C55: 0 | D55: 12 | F55: MS 中南大区 | G55: AS 奥萨查沿海片区 | H55: =F55&""&G55 -> MS 中南大区AS 奥萨查沿海片区 | I55: 0 | J55: 12 | K55: =I55/J55 -> 0
A56: MS 中南大区 | B56: AS 亚特兰大和南阿拉巴马片区 | C56: 9 | D56: 36 | F56: MS 中南大区 | G56: AS 亚特兰大和南阿拉巴马片区 | H56: =F56&""&G56 -> MS 中南大区AS 亚特兰大和南阿拉巴马片区 | I56: 9 | J56: 36 | K56: =I56/J56 -> 0.25
A57: MS 中南大区 | B57: ATL.H | C57: 15 | D57: 68 | F57: MS 中南大区 | G57: ATL.H | H57: =F57&""&G57 -> MS 中南大区ATL.H | I57: 15 | J57: 68 | K57: =I57/J57 -> 0.22058824
A58: MS 中南大区 | B58: BN 田纳西和北阿拉巴马片区 | C58: 0 | D58: 20 | F58: MS 中南大区 | G58: BN 田纳西和北阿拉巴马片区 | H58: =F58&""&G58 -> MS 中南大区BN 田纳西和北阿拉巴马片区 | I58: 0 | J58: 20 | K58: =I58/J58 -> 0
A59: MS 中南大区 | B59: CLT.H | C59: 4 | D59: 32 | F59: MS 中南大区 | G59: CLT.H | H59: =F59&""&G59 -> MS 中南大区CLT.H | I59: 4 | J59: 32 | K59: =I59/J59 -> 0.125
A60: MS 中南大区 | B60: CS 夏洛特及周边片区 | C60: 14 | D60: 28 | F60: MS 中南大区 | G60: CS 夏洛特及周边片区 | H60: =F60&""&G60 -> MS 中南大区CS 夏洛特及周边片区 | I60: 14 | J60: 28 | K60: =I60/J60 -> 0.5
A61: MS 中南大区 | B61: PDK.H | C61: 3 | D61: 4 | F61: MS 中南大区 | G61: PDK.H | H61: =F61&""&G61 -> MS 中南大区PDK.H | I61: 3 | J61: 4 | K61: =I61/J61 -> 0.75
A62: MS 中南大区 | B62: RE 北卡和东南海岸片区 | C62: 8 | D62: 16 | F62: MS 中南大区 | G62: RE 北卡和东南海岸片区 | H62: =F62&""&G62 -> MS 中南大区RE 北卡和东南海岸片区 | I62: 8 | J62: 16 | K62: =I62/J62 -> 0.5
A63: MS 中南大区 | B63: 车辆管理部 | C63: 3 | D63: 8 | F63: MS 中南大区 | G63: 车辆管理部 | H63: =F63&""&G63 -> MS 中南大区车辆管理部 | I63: 3 | J63: 8 | K63: =I63/J63 -> 0.375
A64: MS 中南大区 | B64: 揽收部 | C64: 0 | D64: 8 | F64: MS 中南大区 | G64: 揽收部 | H64: =F64&""&G64 -> MS 中南大区揽收部 | I64: 0 | J64: 8 | K64: =I64/J64 -> 0
A65: MS 中南大区 | B65: 运营支持部 | C65: 0 | D65: 0 | F65: MS 中南大区 | G65: 运营支持部 | H65: =F65&""&G65 -> MS 中南大区运营支持部 | I65: 0 | J65: 0 | K65: /
A66: MS 中南大区 汇总 | C66: 58 | D66: 236 | F66: MS 中南大区 汇总 | H66: =F66&""&G66 -> MS 中南大区 汇总 | I66: 58 | J66: 236 | K66: =I66/J66 -> 0.24576271
A67: NE 东北大区 | C67: 2 | D67: 4 | F67: NE 东北大区 | H67: =F67&""&G67 -> NE 东北大区 | I67: 2 | J67: 4 | K67: =I67/J67 -> 0.5
A68: NE 东北大区 | B68: BDL01 | C68: 0 | D68: 12 | F68: NE 东北大区 | G68: BDL01 | H68: =F68&""&G68 -> NE 东北大区BDL01 | I68: 0 | J68: 12 | K68: =I68/J68 -> 0
A69: NE 东北大区 | B69: BN 布法罗片区 | C69: 5 | D69: 16 | F69: NE 东北大区 | G69: BN 布法罗片区 | H69: =F69&""&G69 -> NE 东北大区BN 布法罗片区 | I69: 5 | J69: 16 | K69: =I69/J69 -> 0.3125
A70: NE 东北大区 | B70: BOS01 | C70: 2 | D70: 4 | F70: NE 东北大区 | G70: BOS01 | H70: =F70&""&G70 -> NE 东北大区BOS01 | I70: 2 | J70: 4 | K70: =I70/J70 -> 0.5
A71: NE 东北大区 | B71: BUF01 | C71: 0 | D71: 0 | F71: NE 东北大区 | G71: BUF01 | H71: =F71&""&G71 -> NE 东北大区BUF01 | I71: 0 | J71: 0 | K71: /
A72: NE 东北大区 | B72: BWI.H | C72: 6 | D72: 16 | F72: NE 东北大区 | G72: BWI.H | H72: =F72&""&G72 -> NE 东北大区BWI.H | I72: 6 | J72: 16 | K72: =I72/J72 -> 0.375
A73: NE 东北大区 | B73: BWI01 | C73: 0 | D73: 8 | F73: NE 东北大区 | G73: BWI01 | H73: =F73&""&G73 -> NE 东北大区BWI01 | I73: 0 | J73: 8 | K73: =I73/J73 -> 0
A74: NE 东北大区 | B74: DC 华盛顿片区 | C74: 15 | D74: 56 | F74: NE 东北大区 | G74: DC 华盛顿片区 | H74: =F74&""&G74 -> NE 东北大区DC 华盛顿片区 | I74: 15 | J74: 56 | K74: =I74/J74 -> 0.26785714
A75: NE 东北大区 | B75: EWR.H | C75: 59 | D75: 144 | F75: NE 东北大区 | G75: EWR.H | H75: =F75&""&G75 -> NE 东北大区EWR.H | I75: 59 | J75: 144 | K75: =I75/J75 -> 0.40972222
A76: NE 东北大区 | B76: EWR01 | C76: 2 | D76: 4 | F76: NE 东北大区 | G76: EWR01 | H76: =F76&""&G76 -> NE 东北大区EWR01 | I76: 2 | J76: 4 | K76: =I76/J76 -> 0.5
A77: NE 东北大区 | B77: JFK.H | C77: 2 | D77: 36 | F77: NE 东北大区 | G77: JFK.H | H77: =F77&""&G77 -> NE 东北大区JFK.H | I77: 2 | J77: 36 | K77: =I77/J77 -> 0.055555556
A78: NE 东北大区 | B78: JFK01 | C78: 0 | D78: 0 | F78: NE 东北大区 | G78: JFK01 | H78: =F78&""&G78 -> NE 东北大区JFK01 | I78: 0 | J78: 0 | K78: /
A79: NE 东北大区 | B79: MA 新英格兰片区 | C79: 3 | D79: 28 | F79: NE 东北大区 | G79: MA 新英格兰片区 | H79: =F79&""&G79 -> NE 东北大区MA 新英格兰片区 | I79: 3 | J79: 28 | K79: =I79/J79 -> 0.10714286
A80: NE 东北大区 | B80: NY 纽约片区 | C80: 2 | D80: 28 | F80: NE 东北大区 | G80: NY 纽约片区 | H80: =F80&""&G80 -> NE 东北大区NY 纽约片区 | I80: 2 | J80: 28 | K80: =I80/J80 -> 0.071428571
A81: NE 东北大区 | B81: PA 宾州片区 | C81: 11 | D81: 20 | F81: NE 东北大区 | G81: PA 宾州片区 | H81: =F81&""&G81 -> NE 东北大区PA 宾州片区 | I81: 11 | J81: 20 | K81: =I81/J81 -> 0.55
A82: NE 东北大区 | B82: PHL01 | C82: 0 | D82: 0 | F82: NE 东北大区 | G82: PHL01 | H82: =F82&""&G82 -> NE 东北大区PHL01 | I82: 0 | J82: 0 | K82: /
A83: NE 东北大区 | B83: PIT01 | C83: 2 | D83: 4 | F83: NE 东北大区 | G83: PIT01 | H83: =F83&""&G83 -> NE 东北大区PIT01 | I83: 2 | J83: 4 | K83: =I83/J83 -> 0.5
A84: NE 东北大区 | B84: RIC01 | C84: 0 | D84: 4 | F84: NE 东北大区 | G84: RIC01 | H84: =F84&""&G84 -> NE 东北大区RIC01 | I84: 0 | J84: 4 | K84: =I84/J84 -> 0
A85: NE 东北大区 | B85: 车辆管理部 | C85: 8 | D85: 16 | F85: NE 东北大区 | G85: 车辆管理部 | H85: =F85&""&G85 -> NE 东北大区车辆管理部 | I85: 8 | J85: 16 | K85: =I85/J85 -> 0.5
A86: NE 东北大区 | B86: 揽收部 | C86: 25 | D86: 44 | F86: NE 东北大区 | G86: 揽收部 | H86: =F86&""&G86 -> NE 东北大区揽收部 | I86: 25 | J86: 44 | K86: =I86/J86 -> 0.56818182
A87: NE 东北大区 | B87: 运营支持部 | C87: 27 | D87: 40 | F87: NE 东北大区 | G87: 运营支持部 | H87: =F87&""&G87 -> NE 东北大区运营支持部 | I87: 27 | J87: 40 | K87: =I87/J87 -> 0.675
A88: NE 东北大区 汇总 | C88: 171 | D88: 484 | F88: NE 东北大区 汇总 | H88: =F88&""&G88 -> NE 东北大区 汇总 | I88: 171 | J88: 484 | K88: =I88/J88 -> 0.35330579
A89: NP 网络规划部 | C89: 0 | D89: 0 | F89: NP 网络规划部 | H89: =F89&""&G89 -> NP 网络规划部 | I89: 0 | J89: 0 | K89: /
A90: OM 操作管理部 | C90: 15 | D90: 40 | F90: OM 操作管理部 | H90: =F90&""&G90 -> OM 操作管理部 | I90: 15 | J90: 40 | K90: =I90/J90 -> 0.375
A91: QC 质量控制部 | C91: 6 | D91: 24 | F91: QC 质量控制部 | H91: =F91&""&G91 -> QC 质量控制部 | I91: 6 | J91: 24 | K91: =I91/J91 -> 0.25
A92: SM 战略管理部 | C92: 4 | D92: 4 | F92: SM 战略管理部 | H92: =F92&""&G92 -> SM 战略管理部 | I92: 4 | J92: 4 | K92: =I92/J92 -> 1
A93: SM 站点管理部 | C93: 4 | D93: 8 | F93: SM 站点管理部 | H93: =F93&""&G93 -> SM 站点管理部 | I93: 4 | J93: 8 | K93: =I93/J93 -> 0.5
A94: TX 德州大区 | C94: 4 | D94: 4 | F94: TX 德州大区 | H94: =F94&""&G94 -> TX 德州大区 | I94: 4 | J94: 4 | K94: =I94/J94 -> 1
A95: TX 德州大区 | B95: CT 中德州片区 | C95: 15 | D95: 36 | F95: TX 德州大区 | G95: CT 中德州片区 | H95: =F95&""&G95 -> TX 德州大区CT 中德州片区 | I95: 15 | J95: 36 | K95: =I95/J95 -> 0.41666667
A96: TX 德州大区 | B96: DFW.H | C96: 15 | D96: 68 | F96: TX 德州大区 | G96: DFW.H | H96: =F96&""&G96 -> TX 德州大区DFW.H | I96: 15 | J96: 68 | K96: =I96/J96 -> 0.22058824
A97: TX 德州大区 | B97: GC 墨湾片区 | C97: 18 | D97: 36 | F97: TX 德州大区 | G97: GC 墨湾片区 | H97: =F97&""&G97 -> TX 德州大区GC 墨湾片区 | I97: 18 | J97: 36 | K97: =I97/J97 -> 0.5
A98: TX 德州大区 | B98: IAH.H | C98: 9 | D98: 60 | F98: TX 德州大区 | G98: IAH.H | H98: =F98&""&G98 -> TX 德州大区IAH.H | I98: 9 | J98: 60 | K98: =I98/J98 -> 0.15
A99: TX 德州大区 | B99: NT 北德州片区 | C99: 17 | D99: 44 | F99: TX 德州大区 | G99: NT 北德州片区 | H99: =F99&""&G99 -> TX 德州大区NT 北德州片区 | I99: 17 | J99: 44 | K99: =I99/J99 -> 0.38636364
A100: TX 德州大区 | B100: 揽收部 | C100: 2 | D100: 36 | F100: TX 德州大区 | G100: 揽收部 | H100: =F100&""&G100 -> TX 德州大区揽收部 | I100: 2 | J100: 36 | K100: =I100/J100 -> 0.055555556
A101: TX 德州大区 | B101: 运营支持部 | C101: 1 | D101: 28 | F101: TX 德州大区 | G101: 运营支持部 | H101: =F101&""&G101 -> TX 德州大区运营支持部 | I101: 1 | J101: 28 | K101: =I101/J101 -> 0.035714286
A102: TX 德州大区 汇总 | C102: 81 | D102: 312 | F102: TX 德州大区 汇总 | H102: =F102&""&G102 -> TX 德州大区 汇总 | I102: 81 | J102: 312 | K102: =I102/J102 -> 0.25961538
...

Sheet 每日打卡工时推送模版
A1: 考勤日期 | B1: 姓名 | C1: 工号 | D1: 三级部门 | E1: 四级部门 | F1: 五级部门 | G1: hub分类 | H1: 辅助 | I1: 职位 | J1: 班次名称 | K1: 班次上班时间 | L1: 班次下班时间 | M1: 首打卡时间 | N1: 末打卡时间 | O1: 是否排班正确 | P1: 居家办公工时（全）合计 | Q1: 每日总工时(公式：末打卡-首打卡-班次午休时间+居家办公时长)合计 | R1: 居家办公合计（审批中） | S1: 每日总工时(公式：末打卡-首打卡-班次午休时间+居家办公时长)合计 | T1: 日超8H | U1: 是否日超8H | V1: 累计总工时 | W1: 本周加班工时 | X1: 班次内打卡次数 | Y1: 标准打卡数 | Z1: 缺卡次数 | AA1: 是否排班 | AB1: 备注（GF）
A2: 考勤日期 | B2: 姓名 | C2: 工号 | D2: 三级部门 | E2: 四级部门 | F2: 五级部门 | G2: hub分类 | H2: 辅助 | I2: 职位 | J2: 班次名称 | K2: 班次上班时间 | L2: 班次下班时间 | M2: 首打卡时间 | N2: 末打卡时间 | O2: 是否排班正确 | P2: 居家办公工时（全）合计 | Q2: 每日总工时(公式：末打卡-首打卡-班次午休时间+居家办公时长)合计 | R2: 居家办公合计（审批中） | S2: 每日总工时(公式：末打卡-首打卡-班次午休时间+居家办公时长)合计 | T2: 日超8H | U2: 是否日超8H | V2: 累计总工时 | W2: 本周加班工时 | X2: 班次内打卡次数 | Y2: 标准打卡数 | Z2: 缺卡次数 | AA2: 是否排班 | AB2: 备注（GF） | AC2: 离职日期 | AD2: 区域BP | AE2: 区长 | AF2: 负责人 | AG2: 仓长 | AH2: 字段 2 | AI2: 字段 3
B3: Alessan South | C3: GL502870 | D3: MS 中南大区 | E3: RE 北卡和东南海岸片区 | F3: ILM01 | H3: =D3&E3&F3 -> MS 中南大区RE 北卡和东南海岸片区ILM01 | I3: Warehouse Operator 操作员(兼) | O3: / | P3: 0 | Q3: 0 | R3: 0 | S3: =Q3+R3 -> 0 | T3: =IF(S3-8>0,S3-8,0) -> 0 | U3: =IF(T3=0,"否","是") -> 否 | V3: =VLOOKUP($C3,[4]Sheet1!$B:$AN,39,FALSE) -> 0 | W3: 0 | X3: 0 | Y3: 0 | Z3: =IF(Y3-X3>=0,Y3-X3,0) -> 0 | AA3: =IF(J3="","否","是") -> 否 | AC3: =VLOOKUP(C3,[1]Sheet1!$C:$O,13,FALSE) -> #N/A | AD3: =VLOOKUP($H3,'[3]0509人员排班情况 副本'!$G:$U,12,FALSE) -> 欧阳迎春Flower（Yingchun Ouyang） | AE3: =VLOOKUP($H3,'[3]0509人员排班情况 副本'!$G:$U,13,FALSE) -> 杨云飞 | AF3: =VLOOKUP($H3,'[3]0509人员排班情况 副本'!$G:$U,14,FALSE) -> 0 | AG3: =VLOOKUP($H3,'[3]0509人员排班情况 副本'!$G:$U,15,FALSE) -> 0
B4: Caleb Aaron Kenmar | C4: GL502898 | D4: MS 中南大区 | E4: AS 亚特兰大和南阿拉巴马片区 | F4: MOB01 | H4: =D4&E4&F4 -> MS 中南大区AS 亚特兰大和南阿拉巴马片区MOB01 | I4: Warehouse Operator 操作员 | O4: / | P4: 0 | Q4: 0 | R4: 0 | S4: =Q4+R4 -> 0 | T4: =IF(S4-8>0,S4-8,0) -> 0 | U4: =IF(T4=0,"否","是") -> 否 | V4: =VLOOKUP($C4,[4]Sheet1!$B:$AN,39,FALSE) -> 0 | W4: 0 | X4: 0 | Y4: 0 | Z4: =IF(Y4-X4>=0,Y4-X4,0) -> 0 | AA4: =IF(J4="","否","是") -> 否 | AC4: =VLOOKUP(C4,[1]Sheet1!$C:$O,13,FALSE) -> #N/A | AD4: =VLOOKUP($H4,'[3]0509人员排班情况 副本'!$G:$U,12,FALSE) -> 欧阳迎春Flower（Yingchun Ouyang） | AE4: =VLOOKUP($H4,'[3]0509人员排班情况 副本'!$G:$U,13,FALSE) -> 杨云飞 | AF4: =VLOOKUP($H4,'[3]0509人员排班情况 副本'!$G:$U,14,FALSE) -> 曾令桓（Linghuan Zeng） | AG4: =VLOOKUP($H4,'[3]0509人员排班情况 副本'!$G:$U,15,FALSE) -> 0
B5: Kareem Stuart | C5: GL502718 | D5: Ground项目部 | E5: OG 美南区 | F5: ATL.G | H5: =D5&E5&F5 -> Ground项目部OG 美南区ATL.G | I5: Dispatcher 调度员 | O5: / | P5: 0 | Q5: 0 | R5: 0 | S5: =Q5+R5 -> 0 | T5: =IF(S5-8>0,S5-8,0) -> 0 | U5: =IF(T5=0,"否","是") -> 否 | V5: =VLOOKUP($C5,[4]Sheet1!$B:$AN,39,FALSE) -> 0 | W5: 0 | X5: 0 | Y5: 0 | Z5: =IF(Y5-X5>=0,Y5-X5,0) -> 0 | AA5: =IF(J5="","否","是") -> 否 | AC5: =VLOOKUP(C5,[1]Sheet1!$C:$O,13,FALSE) -> #N/A | AD5: =VLOOKUP($H5,'[3]0509人员排班情况 副本'!$G:$U,12,FALSE) -> 王安琪 (Anqi Wang),张朱同 Thomson（Zhutong Zhang） | AE5: =VLOOKUP($H5,'[3]0509人员排班情况 副本'!$G:$U,13,FALSE) -> 陈锦昭 | AF5: =VLOOKUP($H5,'[3]0509人员排班情况 副本'!$G:$U,14,FALSE) -> 金筱燕Sharon（Xiaoyan Jin） | AG5: =VLOOKUP($H5,'[3]0509人员排班情况 副本'!$G:$U,15,FALSE) -> 0
B6: Tara S Austin | C6: GL502869 | D6: MS 中南大区 | E6: RE 北卡和东南海岸片区 | F6: MYR01 | H6: =D6&E6&F6 -> MS 中南大区RE 北卡和东南海岸片区MYR01 | I6: Warehouse Operator 操作员(兼) | O6: / | P6: 0 | Q6: 0 | R6: 0 | S6: =Q6+R6 -> 0 | T6: =IF(S6-8>0,S6-8,0) -> 0 | U6: =IF(T6=0,"否","是") -> 否 | V6: =VLOOKUP($C6,[4]Sheet1!$B:$AN,39,FALSE) -> 0 | W6: 0 | X6: 0 | Y6: 0 | Z6: =IF(Y6-X6>=0,Y6-X6,0) -> 0 | AA6: =IF(J6="","否","是") -> 否 | AC6: =VLOOKUP(C6,[1]Sheet1!$C:$O,13,FALSE) -> #N/A | AD6: =VLOOKUP($H6,'[3]0509人员排班情况 副本'!$G:$U,12,FALSE) -> 欧阳迎春Flower（Yingchun Ouyang） | AE6: =VLOOKUP($H6,'[3]0509人员排班情况 副本'!$G:$U,13,FALSE) -> 杨云飞 | AF6: =VLOOKUP($H6,'[3]0509人员排班情况 副本'!$G:$U,14,FALSE) -> 0 | AG6: =VLOOKUP($H6,'[3]0509人员排班情况 副本'!$G:$U,15,FALSE) -> 0
B7: 刘建好Gaby（Jianhao Liu) | C7: GL502829 | D7: FL 佛州大区 | E7: MIA.H | F7: 综办组 | G7: HUB | H7: =D7&E7&F7 -> FL 佛州大区MIA.H综办组 | I7: Warehouse Clerk 仓库文员 | O7: / | P7: 0 | Q7: 0 | R7: 0 | S7: =Q7+R7 -> 0 | T7: =IF(S7-8>0,S7-8,0) -> 0 | U7: =IF(T7=0,"否","是") -> 否 | V7: =VLOOKUP($C7,[4]Sheet1!$B:$AN,39,FALSE) -> 0 | W7: 0 | X7: 0 | Y7: 0 | Z7: =IF(Y7-X7>=0,Y7-X7,0) -> 0 | AA7: =IF(J7="","否","是") -> 否 | AC7: =VLOOKUP(C7,[1]Sheet1!$C:$O,13,FALSE) -> #N/A | AD7: =VLOOKUP($H7,'[3]0509人员排班情况 副本'!$G:$U,12,FALSE) -> Natalia (Natalia Padilla),孙婕 Jasmine（Sunjie） | AE7: =VLOOKUP($H7,'[3]0509人员排班情况 副本'!$G:$U,13,FALSE) -> 贺子强Jeff (Ziqiang He) | AF7: =VLOOKUP($H7,'[3]0509人员排班情况 副本'!$G:$U,14,FALSE) -> Minqing (Minqing Xu),罗煜雄 Mike (Yuxiong Luo) | AG7: =VLOOKUP($H7,'[3]0509人员排班情况 副本'!$G:$U,15,FALSE) -> 0
B8: 刘梓宸 James (Zichen Liu) | C8: GL500866 | D8: GL 大湖大区 | E8: ORD.H | G8: HUB | H8: =D8&E8&F8 -> GL 大湖大区ORD.H | I8: Deputy Hub Head（Probation） 副仓长（见习） | O8: / | P8: 0 | Q8: 0 | R8: 0 | S8: =Q8+R8 -> 0 | T8: =IF(S8-8>0,S8-8,0) -> 0 | U8: =IF(T8=0,"否","是") -> 否 | V8: =VLOOKUP($C8,[4]Sheet1!$B:$AN,39,FALSE) -> 0 | W8: 0 | X8: 0 | Y8: 0 | Z8: =IF(Y8-X8>=0,Y8-X8,0) -> 0 | AA8: =IF(J8="","否","是") -> 否 | AC8: =VLOOKUP(C8,[1]Sheet1!$C:$O,13,FALSE) -> #N/A | AD8: =VLOOKUP($H8,'[3]0509人员排班情况 副本'!$G:$U,12,FALSE) -> 王晓丹 Jasmine（Xiaodan Wang）,周延舒Isabel（Yanshu Zhou） | AE8: =VLOOKUP($H8,'[3]0509人员排班情况 副本'!$G:$U,13,FALSE) -> 张骥Ji Zhang (Ji Zhang) | AF8: =VLOOKUP($H8,'[3]0509人员排班情况 副本'!$G:$U,14,FALSE) -> Minqing (Minqing Xu),罗煜雄 Mike (Yuxiong Luo) | AG8: =VLOOKUP($H8,'[3]0509人员排班情况 副本'!$G:$U,15,FALSE) -> 0
B9: 吴金生 Jason (Jinsheng Wu) | C9: GL500670 | D9: FL 佛州大区 | E9: SF 南佛片区 | H9: =D9&E9&F9 -> FL 佛州大区SF 南佛片区 | I9: District Head 片区长 | O9: / | P9: 0 | Q9: 0 | R9: 0 | S9: =Q9+R9 -> 0 | T9: =IF(S9-8>0,S9-8,0) -> 0 | U9: =IF(T9=0,"否","是") -> 否 | V9: =VLOOKUP($C9,[4]Sheet1!$B:$AN,39,FALSE) -> 0 | W9: 0 | X9: 0 | Y9: 0 | Z9: =IF(Y9-X9>=0,Y9-X9,0) -> 0 | AA9: =IF(J9="","否","是") -> 否 | AC9: =VLOOKUP(C9,[1]Sheet1!$C:$O,13,FALSE) -> #N/A | AD9: =VLOOKUP($H9,'[3]0509人员排班情况 副本'!$G:$U,12,FALSE) -> Natalia (Natalia Padilla),孙婕 Jasmine（Sunjie） | AE9: =VLOOKUP($H9,'[3]0509人员排班情况 副本'!$G:$U,13,FALSE) -> 贺子强Jeff (Ziqiang He) | AF9: =VLOOKUP($H9,'[3]0509人员排班情况 副本'!$G:$U,14,FALSE) -> 0 | AG9: =VLOOKUP($H9,'[3]0509人员排班情况 副本'!$G:$U,15,FALSE) -> 0
B10: 左越 Phil (Yue Zuo) | C10: GL502814 | D10: MS 中南大区 | E10: CS 夏洛特及周边片区 | F10: CLT01 | H10: =D10&E10&F10 -> MS 中南大区CS 夏洛特及周边片区CLT01 | I10: Station Operations Specialist 站点运营专员 | O10: / | P10: 0 | Q10: 0 | R10: 0 | S10: =Q10+R10 -> 0 | T10: =IF(S10-8>0,S10-8,0) -> 0 | U10: =IF(T10=0,"否","是") -> 否 | V10: =VLOOKUP($C10,[4]Sheet1!$B:$AN,39,FALSE) -> 0 | W10: 0 | X10: 0 | Y10: 0 | Z10: =IF(Y10-X10>=0,Y10-X10,0) -> 0 | AA10: =IF(J10="","否","是") -> 否 | AC10: =VLOOKUP(C10,[1]Sheet1!$C:$O,13,FALSE) -> #N/A | AD10: =VLOOKUP($H10,'[3]0509人员排班情况 副本'!$G:$U,12,FALSE) -> 欧阳迎春Flower（Yingchun Ouyang） | AE10: =VLOOKUP($H10,'[3]0509人员排班情况 副本'!$G:$U,13,FALSE) -> 杨云飞 | AF10: =VLOOKUP($H10,'[3]0509人员排班情况 副本'!$G:$U,14,FALSE) -> 郭丞芸Lexie(Chengyun Kuo) | AG10: =VLOOKUP($H10,'[3]0509人员排班情况 副本'!$G:$U,15,FALSE) -> 0
B11: 张译丹 Edan （Yidan Zhang） | C11: GL501628 | D11: MS 中南大区 | E11: CS 夏洛特及周边片区 | F11: CLT02 | H11: =D11&E11&F11 -> MS 中南大区CS 夏洛特及周边片区CLT02 | I11: Station Operations Specialist 站点运营专员 | O11: / | P11: 0 | Q11: 0 | R11: 0 | S11: =Q11+R11 -> 0 | T11: =IF(S11-8>0,S11-8,0) -> 0 | U11: =IF(T11=0,"否","是") -> 否 | V11: =VLOOKUP($C11,[4]Sheet1!$B:$AN,39,FALSE) -> 0 | W11: 0 | X11: 0 | Y11: 0 | Z11: =IF(Y11-X11>=0,Y11-X11,0) -> 0 | AA11: =IF(J11="","否","是") -> 否 | AC11: =VLOOKUP(C11,[1]Sheet1!$C:$O,13,FALSE) -> #N/A | AD11: =VLOOKUP($H11,'[3]0509人员排班情况 副本'!$G:$U,12,FALSE) -> 欧阳迎春Flower（Yingchun Ouyang） | AE11: =VLOOKUP($H11,'[3]0509人员排班情况 副本'!$G:$U,13,FALSE) -> 杨云飞 | AF11: =VLOOKUP($H11,'[3]0509人员排班情况 副本'!$G:$U,14,FALSE) -> 郭丞芸Lexie(Chengyun Kuo) | AG11: =VLOOKUP($H11,'[3]0509人员排班情况 副本'!$G:$U,15,FALSE) -> 0
B12: 李育珊Amber （Yushan Li） | C12: GL502554 | D12: TX 德州大区 | E12: NT 北德州片区 | F12: SPR01 | H12: =D12&E12&F12 -> TX 德州大区NT 北德州片区SPR01 | I12: Station Operations Specialist 站点运营专员 | O12: / | P12: 0 | Q12: 0 | R12: 0 | S12: =Q12+R12 -> 0 | T12: =IF(S12-8>0,S12-8,0) -> 0 | U12: =IF(T12=0,"否","是") -> 否 | V12: =VLOOKUP($C12,[4]Sheet1!$B:$AN,39,FALSE) -> 0 | W12: 0 | X12: 0 | Y12: 0 | Z12: =IF(Y12-X12>=0,Y12-X12,0) -> 0 | AA12: =IF(J12="","否","是") -> 否 | AC12: =VLOOKUP(C12,[1]Sheet1!$C:$O,13,FALSE) -> #N/A | AD12: =VLOOKUP($H12,'[3]0509人员排班情况 副本'!$G:$U,12,FALSE) -> 肖芦莉Lily (Luli Xiao) | AE12: =VLOOKUP($H12,'[3]0509人员排班情况 副本'!$G:$U,13,FALSE) -> 张骥Ji Zhang (Ji Zhang) | AF12: =VLOOKUP($H12,'[3]0509人员排班情况 副本'!$G:$U,14,FALSE) -> 何琼joan(Qiong He) | AG12: =VLOOKUP($H12,'[3]0509人员排班情况 副本'!$G:$U,15,FALSE) -> 0
B13: 李致远Brian (Zhiyuan Li) | C13: GL502889 | D13: NE 东北大区 | E13: NY 纽约片区 | F13: LGA01 | H13: =D13&E13&F13 -> NE 东北大区NY 纽约片区LGA01 | I13: Station Operations Specialist 站点运营专员 | O13: / | P13: 0 | Q13: 0 | R13: 0 | S13: =Q13+R13 -> 0 | T13: =IF(S13-8>0,S13-8,0) -> 0 | U13: =IF(T13=0,"否","是") -> 否 | V13: =VLOOKUP($C13,[4]Sheet1!$B:$AN,39,FALSE) -> 0 | W13: 0 | X13: 0 | Y13: 0 | Z13: =IF(Y13-X13>=0,Y13-X13,0) -> 0 | AA13: =IF(J13="","否","是") -> 否 | AC13: =VLOOKUP(C13,[1]Sheet1!$C:$O,13,FALSE) -> #N/A | AD13: =VLOOKUP($H13,'[3]0509人员排班情况 副本'!$G:$U,12,FALSE) -> 孙可君Monica（Kejun Sun） | AE13: =VLOOKUP($H13,'[3]0509人员排班情况 副本'!$G:$U,13,FALSE) -> 马聪Cong (Cong Ma) | AF13: =VLOOKUP($H13,'[3]0509人员排班情况 副本'!$G:$U,14,FALSE) -> 朱晗宇 Peter (Hanyu Zhu) | AG13: =VLOOKUP($H13,'[3]0509人员排班情况 副本'!$G:$U,15,FALSE) -> 0
B14: 胡丹妮Danni（Danni Hu） | C14: GL500675 | D14: GL 大湖大区 | E14: 车辆管理部 | H14: =D14&E14&F14 -> GL 大湖大区车辆管理部 | I14: Deputy Vehicle Management Supervisor 车辆管理部副主管 | O14: / | P14: 0 | Q14: 0 | R14: 0 | S14: =Q14+R14 -> 0 | T14: =IF(S14-8>0,S14-8,0) -> 0 | U14: =IF(T14=0,"否","是") -> 否 | V14: =VLOOKUP($C14,[4]Sheet1!$B:$AN,39,FALSE) -> 0 | W14: 0 | X14: 0 | Y14: 0 | Z14: =IF(Y14-X14>=0,Y14-X14,0) -> 0 | AA14: =IF(J14="","否","是") -> 否 | AC14: =VLOOKUP(C14,[1]Sheet1!$C:$O,13,FALSE) -> #N/A | AD14: =VLOOKUP($H14,'[3]0509人员排班情况 副本'!$G:$U,12,FALSE) -> 王晓丹 Jasmine（Xiaodan Wang）,周延舒Isabel（Yanshu Zhou） | AE14: =VLOOKUP($H14,'[3]0509人员排班情况 副本'!$G:$U,13,FALSE) -> 张骥Ji Zhang (Ji Zhang) | AF14: =VLOOKUP($H14,'[3]0509人员排班情况 副本'!$G:$U,14,FALSE) -> 0 | AG14: =VLOOKUP($H14,'[3]0509人员排班情况 副本'!$G:$U,15,FALSE) -> 0
B15: 赵旸悦𮭦Fiona（Yangyuechen Zhao） | C15: GL502418 | D15: MS 中南大区 | E15: CS 夏洛特及周边片区 | F15: CLT01 | H15: =D15&E15&F15 -> MS 中南大区CS 夏洛特及周边片区CLT01 | I15: Station Operations Specialist 站点运营专员 | O15: / | P15: 0 | Q15: 0 | R15: 0 | S15: =Q15+R15 -> 0 | T15: =IF(S15-8>0,S15-8,0) -> 0 | U15: =IF(T15=0,"否","是") -> 否 | V15: =VLOOKUP($C15,[4]Sheet1!$B:$AN,39,FALSE) -> 0 | W15: 0 | X15: 0 | Y15: 0 | Z15: =IF(Y15-X15>=0,Y15-X15,0) -> 0 | AA15: =IF(J15="","否","是") -> 否 | AC15: =VLOOKUP(C15,[1]Sheet1!$C:$O,13,FALSE) -> #N/A | AD15: =VLOOKUP($H15,'[3]0509人员排班情况 副本'!$G:$U,12,FALSE) -> 欧阳迎春Flower（Yingchun Ouyang） | AE15: =VLOOKUP($H15,'[3]0509人员排班情况 副本'!$G:$U,13,FALSE) -> 杨云飞 | AF15: =VLOOKUP($H15,'[3]0509人员排班情况 副本'!$G:$U,14,FALSE) -> 郭丞芸Lexie(Chengyun Kuo) | AG15: =VLOOKUP($H15,'[3]0509人员排班情况 副本'!$G:$U,15,FALSE) -> 0
B16: 邱俊达Jayden（Junda Qiu） | C16: GL502769 | D16: Ground项目部 | E16: OG 美南区 | F16: AT303 | H16: =D16&E16&F16 -> Ground项目部OG 美南区AT303 | I16: Station Trainee 站点培训生 | O16: / | P16: 0 | Q16: 0 | R16: 0 | S16: =Q16+R16 -> 0 | T16: =IF(S16-8>0,S16-8,0) -> 0 | U16: =IF(T16=0,"否","是") -> 否 | V16: =VLOOKUP($C16,[4]Sheet1!$B:$AN,39,FALSE) -> 0 | W16: 0 | X16: 0 | Y16: 0 | Z16: =IF(Y16-X16>=0,Y16-X16,0) -> 0 | AA16: =IF(J16="","否","是") -> 否 | AC16: =VLOOKUP(C16,[1]Sheet1!$C:$O,13,FALSE) -> #N/A | AD16: =VLOOKUP($H16,'[3]0509人员排班情况 副本'!$G:$U,12,FALSE) -> 王安琪 (Anqi Wang),张朱同 Thomson（Zhutong Zhang） | AE16: =VLOOKUP($H16,'[3]0509人员排班情况 副本'!$G:$U,13,FALSE) -> 陈锦昭 | AF16: =VLOOKUP($H16,'[3]0509人员排班情况 副本'!$G:$U,14,FALSE) -> 金筱燕Sharon（Xiaoyan Jin） | AG16: =VLOOKUP($H16,'[3]0509人员排班情况 副本'!$G:$U,15,FALSE) -> 0
B17: 陈淑茵 Nicole （Shuyin Chen） | C17: GL501463 | D17: MS 中南大区 | E17: CS 夏洛特及周边片区 | F17: CLT02 | H17: =D17&E17&F17 -> MS 中南大区CS 夏洛特及周边片区CLT02 | I17: Station Operations Specialist 站点运营专员 | O17: / | P17: 0 | Q17: 0 | R17: 0 | S17: =Q17+R17 -> 0 | T17: =IF(S17-8>0,S17-8,0) -> 0 | U17: =IF(T17=0,"否","是") -> 否 | V17: =VLOOKUP($C17,[4]Sheet1!$B:$AN,39,FALSE) -> 0 | W17: 0 | X17: 0 | Y17: 0 | Z17: =IF(Y17-X17>=0,Y17-X17,0) -> 0 | AA17: =IF(J17="","否","是") -> 否 | AC17: =VLOOKUP(C17,[1]Sheet1!$C:$O,13,FALSE) -> #N/A | AD17: =VLOOKUP($H17,'[3]0509人员排班情况 副本'!$G:$U,12,FALSE) -> 欧阳迎春Flower（Yingchun Ouyang） | AE17: =VLOOKUP($H17,'[3]0509人员排班情况 副本'!$G:$U,13,FALSE) -> 杨云飞 | AF17: =VLOOKUP($H17,'[3]0509人员排班情况 副本'!$G:$U,14,FALSE) -> 郭丞芸Lexie(Chengyun Kuo) | AG17: =VLOOKUP($H17,'[3]0509人员排班情况 副本'!$G:$U,15,FALSE) -> 0
B18: 陈玥丹Karol（Yuedan Chen） | C18: GL501694 | D18: MS 中南大区 | E18: 运营支持部 | F18: 区域支持组 | H18: =D18&E18&F18 -> MS 中南大区运营支持部区域支持组 | I18: Regional Support Specialist 区域支持专员 | O18: / | P18: 0 | Q18: 0 | R18: 0 | S18: =Q18+R18 -> 0 | T18: =IF(S18-8>0,S18-8,0) -> 0 | U18: =IF(T18=0,"否","是") -> 否 | V18: =VLOOKUP($C18,[4]Sheet1!$B:$AN,39,FALSE) -> 0 | W18: 0 | X18: 0 | Y18: 0 | Z18: =IF(Y18-X18>=0,Y18-X18,0) -> 0 | AA18: =IF(J18="","否","是") -> 否 | AC18: =VLOOKUP(C18,[1]Sheet1!$C:$O,13,FALSE) -> #N/A | AD18: =VLOOKUP($H18,'[3]0509人员排班情况 副本'!$G:$U,12,FALSE) -> 欧阳迎春Flower（Yingchun Ouyang） | AE18: =VLOOKUP($H18,'[3]0509人员排班情况 副本'!$G:$U,13,FALSE) -> 杨云飞 | AF18: =VLOOKUP($H18,'[3]0509人员排班情况 副本'!$G:$U,14,FALSE) -> 0 | AG18: =VLOOKUP($H18,'[3]0509人员排班情况 副本'!$G:$U,15,FALSE) -> 0
A19: 2026/05/12 | B19: Alabran (Alabran Reyes) | C19: GL501448 | D19: FL 佛州大区 | E19: TPA01 | H19: =D19&E19&F19 -> FL 佛州大区TPA01 | I19: Station Operations Specialist 站点运营专员 | J19: TY_04:00 | K19: 0.16666667 | L19: 12:30 | M19: 0.21180556 | N19: 12:06 | O19: 正确 | P19: 0 | Q19: 6.52 | R19: 0 | S19: =Q19+R19 -> 6.52 | T19: =IF(S19-8>0,S19-8,0) -> 0 | U19: =IF(T19=0,"否","是") -> 否 | V19: =VLOOKUP($C19,[4]Sheet1!$B:$AN,39,FALSE) -> 6.52 | W19: 0 | X19: 2 | Y19: 4 | Z19: =IF(Y19-X19>=0,Y19-X19,0) -> 2 | AA19: =IF(J19="","否","是") -> 是 | AC19: =VLOOKUP(C19,[1]Sheet1!$C:$O,13,FALSE) -> #N/A | AD19: =VLOOKUP($H19,'[3]0509人员排班情况 副本'!$G:$U,12,FALSE) -> Natalia (Natalia Padilla),孙婕 Jasmine（Sunjie） | AE19: =VLOOKUP($H19,'[3]0509人员排班情况 副本'!$G:$U,13,FALSE) -> 贺子强Jeff (Ziqiang He) | AF19: =VLOOKUP($H19,'[3]0509人员排班情况 副本'!$G:$U,14,FALSE) -> 0 | AG19: =VLOOKUP($H19,'[3]0509人员排班情况 副本'!$G:$U,15,FALSE) -> 0
A20: 2026/05/12 | B20: Alexis (Alexis Castillo) | C20: GL502454 | D20: FL 佛州大区 | E20: MIA.H | F20: 操作组 | G20: HUB | H20: =D20&E20&F20 -> FL 佛州大区MIA.H操作组 | I20: Warehouse Operator 操作员 | J20: TY_08:00 | K20: 0.33333333 | L20: 16:30 | M20: 0.33958333 | N20: 17:32 | O20: =IFERROR(IF(ABS(M20-K20)<=1/24,"正确","不正确"),"/") -> 正确 | P20: 0 | Q20: 8.88 | R20: 0 | S20: =Q20+R20 -> 8.88 | T20: =IF(S20-8>0,S20-8,0) -> 0.88 | U20: =IF(T20=0,"否","是") -> 是 | V20: =VLOOKUP($C20,[4]Sheet1!$B:$AN,39,FALSE) -> 16.05 | W20: 0 | X20: 4 | Y20: 4 | Z20: =IF(Y20-X20>=0,Y20-X20,0) -> 0 | AA20: =IF(J20="","否","是") -> 是 | AC20: =VLOOKUP(C20,[1]Sheet1!$C:$O,13,FALSE) -> #N/A | AD20: =VLOOKUP($H20,'[3]0509人员排班情况 副本'!$G:$U,12,FALSE) -> Natalia (Natalia Padilla),孙婕 Jasmine（Sunjie） | AE20: =VLOOKUP($H20,'[3]0509人员排班情况 副本'!$G:$U,13,FALSE) -> 贺子强Jeff (Ziqiang He) | AF20: =VLOOKUP($H20,'[3]0509人员排班情况 副本'!$G:$U,14,FALSE) -> Minqing (Minqing Xu),罗煜雄 Mike (Yuxiong Luo) | AG20: =VLOOKUP($H20,'[3]0509人员排班情况 副本'!$G:$U,15,FALSE) -> 0
A21: 2026/05/12 | B21: Alexis Villanueva | C21: GL502827 | D21: TX 德州大区 | E21: GC 墨湾片区 | F21: MFE01 | H21: =D21&E21&F21 -> TX 德州大区GC 墨湾片区MFE01 | I21: Station Operations Specialist 站点运营专员 | J21: TY_休息日 | K21: 0.39583333 | L21: 18:00 | O21: 正确 | P21: 0 | Q21: 0 | R21: 0 | S21: =Q21+R21 -> 0 | T21: =IF(S21-8>0,S21-8,0) -> 0 | U21: =IF(T21=0,"否","是") -> 否 | V21: =VLOOKUP($C21,[4]Sheet1!$B:$AN,39,FALSE) -> 0 | W21: 0 | X21: 0 | Y21: 0 | Z21: =IF(Y21-X21>=0,Y21-X21,0) -> 0 | AA21: =IF(J21="","否","是") -> 是 | AC21: =VLOOKUP(C21,[1]Sheet1!$C:$O,13,FALSE) -> #N/A | AD21: =VLOOKUP($H21,'[3]0509人员排班情况 副本'!$G:$U,12,FALSE) -> 肖芦莉Lily (Luli Xiao) | AE21: =VLOOKUP($H21,'[3]0509人员排班情况 副本'!$G:$U,13,FALSE) -> 张骥Ji Zhang (Ji Zhang) | AF21: =VLOOKUP($H21,'[3]0509人员排班情况 副本'!$G:$U,14,FALSE) -> 金磊Brian（LEI JIN） | AG21: =VLOOKUP($H21,'[3]0509人员排班情况 副本'!$G:$U,15,FALSE) -> 0
A22: 2026/05/12 | B22: Alfaro, Walter Jessie（Alfaro, Walter Jessie） | C22: GL500434 | D22: WE 美西大区 | E22: LAV.H | F22: 操作组 | G22: HUB | H22: =D22&E22&F22 -> WE 美西大区LAV.H操作组 | I22: Warehouse Operator 操作员 | J22: TY_05:00 | K22: 0.20833333 | L22: 13:30 | O22: =IFERROR(IF(ABS(M22-K22)<=1/24,"正确","不正确"),"/") -> 不正确 | P22: 0 | Q22: 0 | R22: 0 | S22: =Q22+R22 -> 0 | T22: =IF(S22-8>0,S22-8,0) -> 0 | U22: =IF(T22=0,"否","是") -> 否 | V22: =VLOOKUP($C22,[4]Sheet1!$B:$AN,39,FALSE) -> 0 | W22: 0 | X22: 0 | Y22: 0 | Z22: =IF(Y22-X22>=0,Y22-X22,0) -> 0 | AA22: =IF(J22="","否","是") -> 是 | AB22: 年假2026/05/12 06:00-2026/05/12 14:30[已完成] | AC22: =VLOOKUP(C22,[1]Sheet1!$C:$O,13,FALSE) -> #N/A | AD22: =VLOOKUP($H22,'[3]0509人员排班情况 副本'!$G:$U,12,FALSE) -> 王骞Ariel（Qian Wang）,叶秀芳Freya (Xiufang Ye) | AE22: =VLOOKUP($H22,'[3]0509人员排班情况 副本'!$G:$U,13,FALSE) -> 常哲 | AF22: =VLOOKUP($H22,'[3]0509人员排班情况 副本'!$G:$U,14,FALSE) -> Minqing (Minqing Xu),罗煜雄 Mike (Yuxiong Luo) | AG22: =VLOOKUP($H22,'[3]0509人员排班情况 副本'!$G:$U,15,FALSE) -> 0
A23: 2026/05/12 | B23: Andrea （Andrea Silva） | C23: GL501635 | D23: FL 佛州大区 | E23: MIA.H | F23: 操作组 | G23: HUB | H23: =D23&E23&F23 -> FL 佛州大区MIA.H操作组 | I23: Warehouse Operator 操作员 | J23: TY_休息日 | K23: 0.39583333 | L23: 18:00 | O23: 正确 | P23: 0 | Q23: 0 | R23: 0 | S23: =Q23+R23 -> 0 | T23: =IF(S23-8>0,S23-8,0) -> 0 | U23: =IF(T23=0,"否","是") -> 否 | V23: =VLOOKUP($C23,[4]Sheet1!$B:$AN,39,FALSE) -> 0 | W23: 0 | X23: 0 | Y23: 0 | Z23: =IF(Y23-X23>=0,Y23-X23,0) -> 0 | AA23: =IF(J23="","否","是") -> 是 | AC23: =VLOOKUP(C23,[1]Sheet1!$C:$O,13,FALSE) -> #N/A | AD23: =VLOOKUP($H23,'[3]0509人员排班情况 副本'!$G:$U,12,FALSE) -> Natalia (Natalia Padilla),孙婕 Jasmine（Sunjie） | AE23: =VLOOKUP($H23,'[3]0509人员排班情况 副本'!$G:$U,13,FALSE) -> 贺子强Jeff (Ziqiang He) | AF23: =VLOOKUP($H23,'[3]0509人员排班情况 副本'!$G:$U,14,FALSE) -> Minqing (Minqing Xu),罗煜雄 Mike (Yuxiong Luo) | AG23: =VLOOKUP($H23,'[3]0509人员排班情况 副本'!$G:$U,15,FALSE) -> 0
A24: 2026/05/12 | B24: Andrea(Andrea Velez) | C24: GL500972 | D24: MS 中南大区 | E24: AS 亚特兰大和南阿拉巴马片区 | F24: ATL01 | H24: =D24&E24&F24 -> MS 中南大区AS 亚特兰大和南阿拉巴马片区ATL01 | I24: Warehouse Operator 操作员 | J24: TY_06:30 | K24: 0.27083333 | L24: 15:00 | M24: 0.27430556 | N24: 14:50 | O24: =IFERROR(IF(ABS(M24-K24)<=1/24,"正确","不正确"),"/") -> 正确 | P24: 0 | Q24: 7.75 | R24: 0 | S24: =Q24+R24 -> 7.75 | T24: =IF(S24-8>0,S24-8,0) -> 0 | U24: =IF(T24=0,"否","是") -> 否 | V24: =VLOOKUP($C24,[4]Sheet1!$B:$AN,39,FALSE) -> 15.97 | W24: 0 | X24: 4 | Y24: 4 | Z24: =IF(Y24-X24>=0,Y24-X24,0) -> 0 | AA24: =IF(J24="","否","是") -> 是 | AC24: =VLOOKUP(C24,[1]Sheet1!$C:$O,13,FALSE) -> #N/A | AD24: =VLOOKUP($H24,'[3]0509人员排班情况 副本'!$G:$U,12,FALSE) -> 欧阳迎春Flower（Yingchun Ouyang） | AE24: =VLOOKUP($H24,'[3]0509人员排班情况 副本'!$G:$U,13,FALSE) -> 杨云飞 | AF24: =VLOOKUP($H24,'[3]0509人员排班情况 副本'!$G:$U,14,FALSE) -> 李明峰Lucas(Mingfeng Li) | AG24: =VLOOKUP($H24,'[3]0509人员排班情况 副本'!$G:$U,15,FALSE) -> 0
A25: 2026/05/12 | B25: Andrew Michael Garcia | C25: GL502227 | D25: BD 本地客户部 | E25: 客服组 | H25: =D25&E25&F25 -> BD 本地客户部客服组 | I25: Customer Service Specialist 客服专员 | J25: TY_09:30 | K25: 0.39583333 | L25: 18:00 | O25: =IFERROR(IF(ABS(M25-K25)<=1/24,"正确","不正确"),"/") -> 不正确 | P25: 0 | Q25: 0 | R25: 0 | S25: =Q25+R25 -> 0 | T25: =IF(S25-8>0,S25-8,0) -> 0 | U25: =IF(T25=0,"否","是") -> 否 | V25: =VLOOKUP($C25,[4]Sheet1!$B:$AN,39,FALSE) -> 0 | W25: 0 | X25: 0 | Y25: 4 | Z25: =IF(Y25-X25>=0,Y25-X25,0) -> 4 | AA25: =IF(J25="","否","是") -> 是 | AC25: =VLOOKUP(C25,[1]Sheet1!$C:$O,13,FALSE) -> #N/A | AD25: =VLOOKUP($H25,'[3]0509人员排班情况 副本'!$G:$U,12,FALSE) -> 袁博闻(Bowen Yuan) | AE25: =VLOOKUP($H25,'[3]0509人员排班情况 副本'!$G:$U,13,FALSE) -> 0 | AF25: =VLOOKUP($H25,'[3]0509人员排班情况 副本'!$G:$U,14,FALSE) -> 0 | AG25: =VLOOKUP($H25,'[3]0509人员排班情况 副本'!$G:$U,15,FALSE) -> 0
A26: 2026/05/12 | B26: Annie Wang | C26: GL501231 | D26: AS 审计监察部 | H26: =D26&E26&F26 -> AS 审计监察部 | I26: Senior Overseas Audit Manager 高级海外审计经理 | J26: TY_09:30 | K26: 0.39583333 | L26: 18:00 | M26: 0.39583333 | N26: 18:00 | O26: =IFERROR(IF(ABS(M26-K26)<=1/24,"正确","不正确"),"/") -> 正确 | P26: 0 | Q26: 8 | R26: 0 | S26: =Q26+R26 -> 8 | T26: =IF(S26-8>0,S26-8,0) -> 0 | U26: =IF(T26=0,"否","是") -> 否 | V26: =VLOOKUP($C26,[4]Sheet1!$B:$AN,39,FALSE) -> 16 | W26: 0 | X26: 2 | Y26: 0 | Z26: =IF(Y26-X26>=0,Y26-X26,0) -> 0 | AA26: =IF(J26="","否","是") -> 是 | AB26: 年假2026/05/12 09:30-2026/05/12 18:00[已完成] | AC26: =VLOOKUP(C26,[1]Sheet1!$C:$O,13,FALSE) -> #N/A | AD26: =VLOOKUP($H26,'[3]0509人员排班情况 副本'!$G:$U,12,FALSE) -> 袁博闻(Bowen Yuan) | AE26: =VLOOKUP($H26,'[3]0509人员排班情况 副本'!$G:$U,13,FALSE) -> 0 | AF26: =VLOOKUP($H26,'[3]0509人员排班情况 副本'!$G:$U,14,FALSE) -> 0 | AG26: =VLOOKUP($H26,'[3]0509人员排班情况 副本'!$G:$U,15,FALSE) -> 0
A27: 2026/05/12 | B27: Antonio (Antonio Yong Liang) | C27: GL502356 | D27: FL 佛州大区 | E27: MIA.H | F27: 调度组 | G27: HUB | H27: =D27&E27&F27 -> FL 佛州大区MIA.H调度组 | I27: Dispatch Lead 调度组长 | J27: TY_18:00 | K27: 0.75 | L27: 02:30 | M27: 0.74583333 | O27: =IFERROR(IF(ABS(M27-K27)<=1/24,"正确","不正确"),"/") -> 正确 | P27: 0 | Q27: 0 | R27: 0 | S27: =Q27+R27 -> 0 | T27: =IF(S27-8>0,S27-8,0) -> 0 | U27: =IF(T27=0,"否","是") -> 否 | V27: =VLOOKUP($C27,[4]Sheet1!$B:$AN,39,FALSE) -> 9.78 | W27: 0 | X27: 1 | Y27: 4 | Z27: =IF(Y27-X27>=0,Y27-X27,0) -> 3 | AA27: =IF(J27="","否","是") -> 是 | AC27: =VLOOKUP(C27,[1]Sheet1!$C:$O,13,FALSE) -> #N/A | AD27: =VLOOKUP($H27,'[3]0509人员排班情况 副本'!$G:$U,12,FALSE) -> Natalia (Natalia Padilla),孙婕 Jasmine（Sunjie） | AE27: =VLOOKUP($H27,'[3]0509人员排班情况 副本'!$G:$U,13,FALSE) -> 贺子强Jeff (Ziqiang He) | AF27: =VLOOKUP($H27,'[3]0509人员排班情况 副本'!$G:$U,14,FALSE) -> Minqing (Minqing Xu),罗煜雄 Mike (Yuxiong Luo) | AG27: =VLOOKUP($H27,'[3]0509人员排班情况 副本'!$G:$U,15,FALSE) -> 0
A28: 2026/05/12 | B28: Arielle (Arielle Ho) | C28: GL500334 | D28: FL 佛州大区 | E28: MIA.H | F28: 调度组 | G28: HUB | H28: =D28&E28&F28 -> FL 佛州大区MIA.H调度组 | I28: Dispatch Lead 调度组长 | J28: TY_11:00 | K28: 0.45833333 | L28: 19:30 | M28: 0.44652778 | N28: 21:33 | O28: =IFERROR(IF(ABS(M28-K28)<=1/24,"正确","不正确"),"/") -> 正确 | P28: 0 | Q28: 10.33 | R28: 0 | S28: =Q28+R28 -> 10.33 | T28: =IF(S28-8>0,S28-8,0) -> 2.33 | U28: =IF(T28=0,"否","是") -> 是 | V28: =VLOOKUP($C28,[4]Sheet1!$B:$AN,39,FALSE) -> 20.25 | W28: 0 | X28: 3 | Y28: 4 | Z28: =IF(Y28-X28>=0,Y28-X28,0) -> 1 | AA28: =IF(J28="","否","是") -> 是 | AC28: =VLOOKUP(C28,[1]Sheet1!$C:$O,13,FALSE) -> #N/A | AD28: =VLOOKUP($H28,'[3]0509人员排班情况 副本'!$G:$U,12,FALSE) -> Natalia (Natalia Padilla),孙婕 Jasmine（Sunjie） | AE28: =VLOOKUP($H28,'[3]0509人员排班情况 副本'!$G:$U,13,FALSE) -> 贺子强Jeff (Ziqiang He) | AF28: =VLOOKUP($H28,'[3]0509人员排班情况 副本'!$G:$U,14,FALSE) -> Minqing (Minqing Xu),罗煜雄 Mike (Yuxiong Luo) | AG28: =VLOOKUP($H28,'[3]0509人员排班情况 副本'!$G:$U,15,FALSE) -> 0
A29: 2026/05/12 | B29: Ben(Neng Xiong) | C29: GL502559 | D29: MS 中南大区 | E29: CLT.H | F29: 操作组 | G29: HUB | H29: =D29&E29&F29 -> MS 中南大区CLT.H操作组 | I29: Warehouse Operator 操作员 | J29: TY_08:00 | K29: 0.33333333 | L29: 16:30 | M29: 0.33958333 | N29: 17:00 | O29: =IFERROR(IF(ABS(M29-K29)<=1/24,"正确","不正确"),"/") -> 正确 | P29: 0 | Q29: 8.35 | R29: 0 | S29: =Q29+R29 -> 8.35 | T29: =IF(S29-8>0,S29-8,0) -> 0.35 | U29: =IF(T29=0,"否","是") -> 是 | V29: =VLOOKUP($C29,[4]Sheet1!$B:$AN,39,FALSE) -> 17.42 | W29: 0 | X29: 2 | Y29: 4 | Z29: =IF(Y29-X29>=0,Y29-X29,0) -> 2 | AA29: =IF(J29="","否","是") -> 是 | AC29: =VLOOKUP(C29,[1]Sheet1!$C:$O,13,FALSE) -> #N/A | AD29: =VLOOKUP($H29,'[3]0509人员排班情况 副本'!$G:$U,12,FALSE) -> 欧阳迎春Flower（Yingchun Ouyang） | AE29: =VLOOKUP($H29,'[3]0509人员排班情况 副本'!$G:$U,13,FALSE) -> 杨云飞 | AF29: =VLOOKUP($H29,'[3]0509人员排班情况 副本'!$G:$U,14,FALSE) -> Minqing (Minqing Xu),罗煜雄 Mike (Yuxiong Luo) | AG29: =VLOOKUP($H29,'[3]0509人员排班情况 副本'!$G:$U,15,FALSE) -> 0
A30: 2026/05/12 | B30: Benjamin Alejandro Zendejas | C30: GL502177 | D30: WE 美西大区 | E30: SC 南加片区 | F30: FAT01 | H30: =D30&E30&F30 -> WE 美西大区SC 南加片区FAT01 | I30: Station Operations Specialist 站点运营专员 | J30: TY_04:30 | K30: 0.1875 | L30: 13:00 | M30: 0.18680556 | N30: 13:00 | O30: =IFERROR(IF(ABS(M30-K30)<=1/24,"正确","不正确"),"/") -> 正确 | P30: 0 | Q30: 8.02 | R30: 0 | S30: =Q30+R30 -> 8.02 | T30: =IF(S30-8>0,S30-8,0) -> 0.02 | U30: =IF(T30=0,"否","是") -> 是 | V30: =VLOOKUP($C30,[4]Sheet1!$B:$AN,39,FALSE) -> 16.07 | W30: 0 | X30: 4 | Y30: 4 | Z30: =IF(Y30-X30>=0,Y30-X30,0) -> 0 | AA30: =IF(J30="","否","是") -> 是 | AC30: =VLOOKUP(C30,[1]Sheet1!$C:$O,13,FALSE) -> #N/A | AD30: =VLOOKUP($H30,'[3]0509人员排班情况 副本'!$G:$U,12,FALSE) -> 王骞Ariel（Qian Wang）,叶秀芳Freya (Xiufang Ye) | AE30: =VLOOKUP($H30,'[3]0509人员排班情况 副本'!$G:$U,13,FALSE) -> 常哲 | AF30: =VLOOKUP($H30,'[3]0509人员排班情况 副本'!$G:$U,14,FALSE) -> 尤梦楠Yuko（Mengnan You） | AG30: =VLOOKUP($H30,'[3]0509人员排班情况 副本'!$G:$U,15,FALSE) -> 0
A31: 2026/05/12 | B31: Ben苏国邦（Ben Su） | C31: GL502562 | D31: TX 德州大区 | E31: NT 北德州片区 | F31: DFW01 | H31: =D31&E31&F31 -> TX 德州大区NT 北德州片区DFW01 | I31: Station Operations Specialist 站点运营专员 | J31: TY_休息日 | K31: 0.39583333 | L31: 18:00 | O31: 正确 | P31: 0 | Q31: 0 | R31: 0 | S31: =Q31+R31 -> 0 | T31: =IF(S31-8>0,S31-8,0) -> 0 | U31: =IF(T31=0,"否","是") -> 否 | V31: =VLOOKUP($C31,[4]Sheet1!$B:$AN,39,FALSE) -> 0 | W31: 0 | X31: 0 | Y31: 0 | Z31: =IF(Y31-X31>=0,Y31-X31,0) -> 0 | AA31: =IF(J31="","否","是") -> 是 | AC31: =VLOOKUP(C31,[1]Sheet1!$C:$O,13,FALSE) -> #N/A | AD31: =VLOOKUP($H31,'[3]0509人员排班情况 副本'!$G:$U,12,FALSE) -> 肖芦莉Lily (Luli Xiao) | AE31: =VLOOKUP($H31,'[3]0509人员排班情况 副本'!$G:$U,13,FALSE) -> 张骥Ji Zhang (Ji Zhang) | AF31: =VLOOKUP($H31,'[3]0509人员排班情况 副本'!$G:$U,14,FALSE) -> 何琼joan(Qiong He) | AG31: =VLOOKUP($H31,'[3]0509人员排班情况 副本'!$G:$U,15,FALSE) -> 0
A32: 2026/05/12 | B32: Bobby Barry | C32: GL502239 | D32: BD 本地客户部 | E32: 北美销售组 | H32: =D32&E32&F32 -> BD 本地客户部北美销售组 | I32: Sales Supervisor 销售主管 | J32: TY_09:30 | K32: 0.39583333 | L32: 18:00 | O32: =IFERROR(IF(ABS(M32-K32)<=1/24,"正确","不正确"),"/") -> 不正确 | P32: 0 | Q32: 0 | R32: 0 | S32: =Q32+R32 -> 0 | T32: =IF(S32-8>0,S32-8,0) -> 0 | U32: =IF(T32=0,"否","是") -> 否 | V32: =VLOOKUP($C32,[4]Sheet1!$B:$AN,39,FALSE) -> 0 | W32: 0 | X32: 0 | Y32: 4 | Z32: =IF(Y32-X32>=0,Y32-X32,0) -> 4 | AA32: =IF(J32="","否","是") -> 是 | AC32: =VLOOKUP(C32,[1]Sheet1!$C:$O,13,FALSE) -> #N/A | AD32: =VLOOKUP($H32,'[3]0509人员排班情况 副本'!$G:$U,12,FALSE) -> 袁博闻(Bowen Yuan) | AE32: =VLOOKUP($H32,'[3]0509人员排班情况 副本'!$G:$U,13,FALSE) -> 0 | AF32: =VLOOKUP($H32,'[3]0509人员排班情况 副本'!$G:$U,14,FALSE) -> 0 | AG32: =VLOOKUP($H32,'[3]0509人员排班情况 副本'!$G:$U,15,FALSE) -> 0
A33: 2026/05/12 | B33: Cameron Tabatabaei Roudsari | C33: GL502241 | D33: BD 本地客户部 | E33: 北美销售组 | H33: =D33&E33&F33 -> BD 本地客户部北美销售组 | I33: Sales Supervisor 销售主管 | J33: TY_09:30 | K33: 0.39583333 | L33: 18:00 | O33: =IFERROR(IF(ABS(M33-K33)<=1/24,"正确","不正确"),"/") -> 不正确 | P33: 0 | Q33: 0 | R33: 0 | S33: =Q33+R33 -> 0 | T33: =IF(S33-8>0,S33-8,0) -> 0 | U33: =IF(T33=0,"否","是") -> 否 | V33: =VLOOKUP($C33,[4]Sheet1!$B:$AN,39,FALSE) -> 0 | W33: 0 | X33: 0 | Y33: 4 | Z33: =IF(Y33-X33>=0,Y33-X33,0) -> 4 | AA33: =IF(J33="","否","是") -> 是 | AC33: =VLOOKUP(C33,[1]Sheet1!$C:$O,13,FALSE) -> #N/A | AD33: =VLOOKUP($H33,'[3]0509人员排班情况 副本'!$G:$U,12,FALSE) -> 袁博闻(Bowen Yuan) | AE33: =VLOOKUP($H33,'[3]0509人员排班情况 副本'!$G:$U,13,FALSE) -> 0 | AF33: =VLOOKUP($H33,'[3]0509人员排班情况 副本'!$G:$U,14,FALSE) -> 0 | AG33: =VLOOKUP($H33,'[3]0509人员排班情况 副本'!$G:$U,15,FALSE) -> 0
A34: 2026/05/12 | B34: Canzhe Tang | C34: GL502245 | D34: BD 本地客户部 | E34: 加拿大运营组 | H34: =D34&E34&F34 -> BD 本地客户部加拿大运营组 | I34: Junior Operations Support Specialist 初级运营支持专员 | J34: TY_09:30 | K34: 0.39583333 | L34: 18:00 | O34: =IFERROR(IF(ABS(M34-K34)<=1/24,"正确","不正确"),"/") -> 不正确 | P34: 0 | Q34: 0 | R34: 0 | S34: =Q34+R34 -> 0 | T34: =IF(S34-8>0,S34-8,0) -> 0 | U34: =IF(T34=0,"否","是") -> 否 | V34: =VLOOKUP($C34,[4]Sheet1!$B:$AN,39,FALSE) -> 0 | W34: 0 | X34: 0 | Y34: 4 | Z34: =IF(Y34-X34>=0,Y34-X34,0) -> 4 | AA34: =IF(J34="","否","是") -> 是 | AC34: =VLOOKUP(C34,[1]Sheet1!$C:$O,13,FALSE) -> #N/A | AD34: =VLOOKUP($H34,'[3]0509人员排班情况 副本'!$G:$U,12,FALSE) -> 袁博闻(Bowen Yuan) | AE34: =VLOOKUP($H34,'[3]0509人员排班情况 副本'!$G:$U,13,FALSE) -> 0 | AF34: =VLOOKUP($H34,'[3]0509人员排班情况 副本'!$G:$U,14,FALSE) -> 0 | AG34: =VLOOKUP($H34,'[3]0509人员排班情况 副本'!$G:$U,15,FALSE) -> 0
A35: 2026/05/12 | B35: Cao Yijin (Yijin Cao) | C35: GL500938 | D35: FL 佛州大区 | E35: MCO.H | F35: 分拣组 | G35: HUB | H35: =D35&E35&F35 -> FL 佛州大区MCO.H分拣组 | I35: Sorting Lead 分拣组长 | J35: TY_休息日 | K35: 0.39583333 | L35: 18:00 | O35: 正确 | P35: 0 | Q35: 0 | R35: 0 | S35: =Q35+R35 -> 0 | T35: =IF(S35-8>0,S35-8,0) -> 0 | U35: =IF(T35=0,"否","是") -> 否 | V35: =VLOOKUP($C35,[4]Sheet1!$B:$AN,39,FALSE) -> 15.75 | W35: 34.97 | X35: 0 | Y35: 0 | Z35: =IF(Y35-X35>=0,Y35-X35,0) -> 0 | AA35: =IF(J35="","否","是") -> 是 | AC35: =VLOOKUP(C35,[1]Sheet1!$C:$O,13,FALSE) -> #N/A | AD35: =VLOOKUP($H35,'[3]0509人员排班情况 副本'!$G:$U,12,FALSE) -> Natalia (Natalia Padilla),孙婕 Jasmine（Sunjie） | AE35: =VLOOKUP($H35,'[3]0509人员排班情况 副本'!$G:$U,13,FALSE) -> 贺子强Jeff (Ziqiang He) | AF35: =VLOOKUP($H35,'[3]0509人员排班情况 副本'!$G:$U,14,FALSE) -> 张双甫(Shuangfu Zhang) | AG35: =VLOOKUP($H35,'[3]0509人员排班情况 副本'!$G:$U,15,FALSE) -> 0
A36: 2026/05/12 | B36: Chad Emerson | C36: GL502240 | D36: BD 本地客户部 | E36: 北美销售组 | H36: =D36&E36&F36 -> BD 本地客户部北美销售组 | I36: Sales Supervisor 销售主管 | J36: TY_09:30 | K36: 0.39583333 | L36: 18:00 | O36: =IFERROR(IF(ABS(M36-K36)<=1/24,"正确","不正确"),"/") -> 不正确 | P36: 0 | Q36: 0 | R36: 0 | S36: =Q36+R36 -> 0 | T36: =IF(S36-8>0,S36-8,0) -> 0 | U36: =IF(T36=0,"否","是") -> 否 | V36: =VLOOKUP($C36,[4]Sheet1!$B:$AN,39,FALSE) -> 0 | W36: 0 | X36: 0 | Y36: 4 | Z36: =IF(Y36-X36>=0,Y36-X36,0) -> 4 | AA36: =IF(J36="","否","是") -> 是 | AC36: =VLOOKUP(C36,[1]Sheet1!$C:$O,13,FALSE) -> #N/A | AD36: =VLOOKUP($H36,'[3]0509人员排班情况 副本'!$G:$U,12,FALSE) -> 袁博闻(Bowen Yuan) | AE36: =VLOOKUP($H36,'[3]0509人员排班情况 副本'!$G:$U,13,FALSE) -> 0 | AF36: =VLOOKUP($H36,'[3]0509人员排班情况 副本'!$G:$U,14,FALSE) -> 0 | AG36: =VLOOKUP($H36,'[3]0509人员排班情况 副本'!$G:$U,15,FALSE) -> 0
A37: 2026/05/12 | B37: Chavez William（Chavez William） | C37: GL500500 | D37: WE 美西大区 | E37: LAV.H | F37: 操作组 | G37: HUB | H37: =D37&E37&F37 -> WE 美西大区LAV.H操作组 | I37: Warehouse Lead 操作组长 | J37: TY_10:00 | K37: 0.41666667 | L37: 18:30 | N37: 19:19 | O37: =IFERROR(IF(ABS(M37-K37)<=1/24,"正确","不正确"),"/") -> 不正确 | P37: 0 | Q37: 0 | R37: 0 | S37: =Q37+R37 -> 0 | T37: =IF(S37-8>0,S37-8,0) -> 0 | U37: =IF(T37=0,"否","是") -> 否 | V37: =VLOOKUP($C37,[4]Sheet1!$B:$AN,39,FALSE) -> 0 | W37: 0 | X37: 3 | Y37: 4 | Z37: =IF(Y37-X37>=0,Y37-X37,0) -> 1 | AA37: =IF(J37="","否","是") -> 是 | AC37: =VLOOKUP(C37,[1]Sheet1!$C:$O,13,FALSE) -> #N/A | AD37: =VLOOKUP($H37,'[3]0509人员排班情况 副本'!$G:$U,12,FALSE) -> 王骞Ariel（Qian Wang）,叶秀芳Freya (Xiufang Ye) | AE37: =VLOOKUP($H37,'[3]0509人员排班情况 副本'!$G:$U,13,FALSE) -> 常哲 | AF37: =VLOOKUP($H37,'[3]0509人员排班情况 副本'!$G:$U,14,FALSE) -> Minqing (Minqing Xu),罗煜雄 Mike (Yuxiong Luo) | AG37: =VLOOKUP($H37,'[3]0509人员排班情况 副本'!$G:$U,15,FALSE) -> 0
A38: 2026/05/12 | B38: Cristobal Ybarra（Cristobal） | C38: GL502172 | D38: WE 美西大区 | E38: DS 丹佛·盐湖城片区 | F38: ABQ01 | H38: =D38&E38&F38 -> WE 美西大区DS 丹佛·盐湖城片区ABQ01 | I38: Station Operations Specialist 站点运营专员 | J38: TY_05:00 | K38: 0.20833333 | L38: 13:30 | M38: 0.32847222 | N38: 18:29 | O38: =IFERROR(IF(ABS(M38-K38)<=1/24,"正确","不正确"),"/") -> 不正确 | P38: 0 | Q38: 10.1 | R38: 0 | S38: =Q38+R38 -> 10.1 | T38: =IF(S38-8>0,S38-8,0) -> 2.1 | U38: =IF(T38=0,"否","是") -> 是 | V38: =VLOOKUP($C38,[4]Sheet1!$B:$AN,39,FALSE) -> 22.75 | W38: 0 | X38: 2 | Y38: 4 | Z38: =IF(Y38-X38>=0,Y38-X38,0) -> 2 | AA38: =IF(J38="","否","是") -> 是 | AC38: =VLOOKUP(C38,[1]Sheet1!$C:$O,13,FALSE) -> #N/A | AD38: =VLOOKUP($H38,'[3]0509人员排班情况 副本'!$G:$U,12,FALSE) -> 王骞Ariel（Qian Wang）,叶秀芳Freya (Xiufang Ye) | AE38: =VLOOKUP($H38,'[3]0509人员排班情况 副本'!$G:$U,13,FALSE) -> 常哲 | AF38: =VLOOKUP($H38,'[3]0509人员排班情况 副本'!$G:$U,14,FALSE) -> 兰鹏Peng（Peng Lan） | AG38: =VLOOKUP($H38,'[3]0509人员排班情况 副本'!$G:$U,15,FALSE) -> 0
A39: 2026/05/12 | B39: Daniel Z Rodriguez（Daniel Z Rodriguez） | C39: GL500389 | D39: WE 美西大区 | E39: SC 南加片区 | F39: SFV01 | H39: =D39&E39&F39 -> WE 美西大区SC 南加片区SFV01 | I39: Warehouse Operator 操作员 | J39: TY_04:00 | K39: 0.16666667 | L39: 12:30 | N39: 11:37 | O39: =IFERROR(IF(ABS(M39-K39)<=1/24,"正确","不正确"),"/") -> 不正确 | P39: 0 | Q39: 0 | R39: 0 | S39: =Q39+R39 -> 0 | T39: =IF(S39-8>0,S39-8,0) -> 0 | U39: =IF(T39=0,"否","是") -> 否 | V39: =VLOOKUP($C39,[4]Sheet1!$B:$AN,39,FALSE) -> 0 | W39: 0 | X39: 1 | Y39: 4 | Z39: =IF(Y39-X39>=0,Y39-X39,0) -> 3 | AA39: =IF(J39="","否","是") -> 是 | AC39: =VLOOKUP(C39,[1]Sheet1!$C:$O,13,FALSE) -> #N/A | AD39: =VLOOKUP($H39,'[3]0509人员排班情况 副本'!$G:$U,12,FALSE) -> 王骞Ariel（Qian Wang）,叶秀芳Freya (Xiufang Ye) | AE39: =VLOOKUP($H39,'[3]0509人员排班情况 副本'!$G:$U,13,FALSE) -> 常哲 | AF39: =VLOOKUP($H39,'[3]0509人员排班情况 副本'!$G:$U,14,FALSE) -> 尤梦楠Yuko（Mengnan You） | AG39: =VLOOKUP($H39,'[3]0509人员排班情况 副本'!$G:$U,15,FALSE) -> 0
A40: 2026/05/12 | B40: Darryl (Darryl Reyes Cruz) | C40: GL501561 | D40: FL 佛州大区 | E40: MCO.H | F40: 操作组 | G40: HUB | H40: =D40&E40&F40 -> FL 佛州大区MCO.H操作组 | I40: Warehouse Operator 操作员 | J40: TY_09:00 | K40: 0.375 | L40: 17:30 | O40: =IFERROR(IF(ABS(M40-K40)<=1/24,"正确","不正确"),"/") -> 不正确 | P40: 0 | Q40: 0 | R40: 0 | S40: =Q40+R40 -> 0 | T40: =IF(S40-8>0,S40-8,0) -> 0 | U40: =IF(T40=0,"否","是") -> 否 | V40: =VLOOKUP($C40,[4]Sheet1!$B:$AN,39,FALSE) -> 0 | W40: 0 | X40: 0 | Y40: 0 | Z40: =IF(Y40-X40>=0,Y40-X40,0) -> 0 | AA40: =IF(J40="","否","是") -> 是 | AB40: 病假2026/05/12 09:00-2026/05/12 17:30[已完成] | AC40: =VLOOKUP(C40,[1]Sheet1!$C:$O,13,FALSE) -> #N/A | AD40: =VLOOKUP($H40,'[3]0509人员排班情况 副本'!$G:$U,12,FALSE) -> Natalia (Natalia Padilla),孙婕 Jasmine（Sunjie） | AE40: =VLOOKUP($H40,'[3]0509人员排班情况 副本'!$G:$U,13,FALSE) -> 贺子强Jeff (Ziqiang He) | AF40: =VLOOKUP($H40,'[3]0509人员排班情况 副本'!$G:$U,14,FALSE) -> Minqing (Minqing Xu),罗煜雄 Mike (Yuxiong Luo) | AG40: =VLOOKUP($H40,'[3]0509人员排班情况 副本'!$G:$U,15,FALSE) -> 0
A41: 2026/05/12 | B41: David (WENQI WANG) | C41: GL502560 | D41: MS 中南大区 | E41: CLT.H | F41: 操作组 | G41: HUB | H41: =D41&E41&F41 -> MS 中南大区CLT.H操作组 | I41: Warehouse Lead 操作组长 | J41: TY_08:00 | K41: 0.33333333 | L41: 16:30 | M41: 0.31319444 | N41: 16:59 | O41: =IFERROR(IF(ABS(M41-K41)<=1/24,"正确","不正确"),"/") -> 正确 | P41: 0 | Q41: 8.97 | R41: 0 | S41: =Q41+R41 -> 8.97 | T41: =IF(S41-8>0,S41-8,0) -> 0.97 | U41: =IF(T41=0,"否","是") -> 是 | V41: =VLOOKUP($C41,[4]Sheet1!$B:$AN,39,FALSE) -> 18.34 | W41: 0 | X41: 2 | Y41: 4 | Z41: =IF(Y41-X41>=0,Y41-X41,0) -> 2 | AA41: =IF(J41="","否","是") -> 是 | AC41: =VLOOKUP(C41,[1]Sheet1!$C:$O,13,FALSE) -> #N/A | AD41: =VLOOKUP($H41,'[3]0509人员排班情况 副本'!$G:$U,12,FALSE) -> 欧阳迎春Flower（Yingchun Ouyang） | AE41: =VLOOKUP($H41,'[3]0509人员排班情况 副本'!$G:$U,13,FALSE) -> 杨云飞 | AF41: =VLOOKUP($H41,'[3]0509人员排班情况 副本'!$G:$U,14,FALSE) -> Minqing (Minqing Xu),罗煜雄 Mike (Yuxiong Luo) | AG41: =VLOOKUP($H41,'[3]0509人员排班情况 副本'!$G:$U,15,FALSE) -> 0
A42: 2026/05/12 | B42: David Thompson | C42: GL502788 | D42: TX 德州大区 | E42: IAH.H | F42: 分拣组 | G42: HUB | H42: =D42&E42&F42 -> TX 德州大区IAH.H分拣组 | I42: Sorter 分拣员 | J42: TY_16:00 | K42: 0.66666667 | L42: 00:30 | M42: 0.66875 | N42: 01:07 | O42: =IFERROR(IF(ABS(M42-K42)<=1/24,"正确","不正确"),"/") -> 正确 | P42: 0 | Q42: 8.57 | R42: 0 | S42: =Q42+R42 -> 8.57 | T42: =IF(S42-8>0,S42-8,0) -> 0.57 | U42: =IF(T42=0,"否","是") -> 是 | V42: =VLOOKUP($C42,[4]Sheet1!$B:$AN,39,FALSE) -> 22.04 | W42: 0 | X42: 2 | Y42: 4 | Z42: =IF(Y42-X42>=0,Y42-X42,0) -> 2 | AA42: =IF(J42="","否","是") -> 是 | AC42: =VLOOKUP(C42,[1]Sheet1!$C:$O,13,FALSE) -> #N/A | AD42: =VLOOKUP($H42,'[3]0509人员排班情况 副本'!$G:$U,12,FALSE) -> 肖芦莉Lily (Luli Xiao) | AE42: =VLOOKUP($H42,'[3]0509人员排班情况 副本'!$G:$U,13,FALSE) -> 张骥Ji Zhang (Ji Zhang) | AF42: =VLOOKUP($H42,'[3]0509人员排班情况 副本'!$G:$U,14,FALSE) -> 张双甫(Shuangfu Zhang) | AG42: =VLOOKUP($H42,'[3]0509人员排班情况 副本'!$G:$U,15,FALSE) -> 0
A43: 2026/05/12 | B43: Dayna (Dayna Robles) | C43: GL500309 | D43: FL 佛州大区 | E43: MCO01 | H43: =D43&E43&F43 -> FL 佛州大区MCO01 | I43: Station Operations Specialist 站点运营专员 | J43: TY_04:30 | K43: 0.1875 | L43: 13:00 | M43: 0.14583333 | N43: 12:42 | O43: =IFERROR(IF(ABS(M43-K43)<=1/24,"正确","不正确"),"/") -> 正确 | P43: 0 | Q43: 8.7 | R43: 0 | S43: =Q43+R43 -> 8.7 | T43: =IF(S43-8>0,S43-8,0) -> 0.7 | U43: =IF(T43=0,"否","是") -> 是 | V43: =VLOOKUP($C43,[4]Sheet1!$B:$AN,39,FALSE) -> 8.7 | W43: 0 | X43: 4 | Y43: 4 | Z43: =IF(Y43-X43>=0,Y43-X43,0) -> 0 | AA43: =IF(J43="","否","是") -> 是 | AC43: =VLOOKUP(C43,[1]Sheet1!$C:$O,13,FALSE) -> #N/A | AD43: =VLOOKUP($H43,'[3]0509人员排班情况 副本'!$G:$U,12,FALSE) -> Natalia (Natalia Padilla),孙婕 Jasmine（Sunjie） | AE43: =VLOOKUP($H43,'[3]0509人员排班情况 副本'!$G:$U,13,FALSE) -> 贺子强Jeff (Ziqiang He) | AF43: =VLOOKUP($H43,'[3]0509人员排班情况 副本'!$G:$U,14,FALSE) -> 0 | AG43: =VLOOKUP($H43,'[3]0509人员排班情况 副本'!$G:$U,15,FALSE) -> 0
A44: 2026/05/12 | B44: Denisse (Denisse Morales Alva) | C44: GL500354 | D44: FL 佛州大区 | E44: MIA.H | F44: 异常处理组 | G44: HUB | H44: =D44&E44&F44 -> FL 佛州大区MIA.H异常处理组 | I44: Returns Specialist 退件员 | J44: TY_09:00 | K44: 0.375 | L44: 17:30 | N44: 17:10 | O44: =IFERROR(IF(ABS(M44-K44)<=1/24,"正确","不正确"),"/") -> 不正确 | P44: 0 | Q44: 0 | R44: 0 | S44: =Q44+R44 -> 0 | T44: =IF(S44-8>0,S44-8,0) -> 0 | U44: =IF(T44=0,"否","是") -> 否 | V44: =VLOOKUP($C44,[4]Sheet1!$B:$AN,39,FALSE) -> 8.53 | W44: 0 | X44: 3 | Y44: 4 | Z44: =IF(Y44-X44>=0,Y44-X44,0) -> 1 | AA44: =IF(J44="","否","是") -> 是 | AC44: =VLOOKUP(C44,[1]Sheet1!$C:$O,13,FALSE) -> #N/A | AD44: =VLOOKUP($H44,'[3]0509人员排班情况 副本'!$G:$U,12,FALSE) -> Natalia (Natalia Padilla),孙婕 Jasmine（Sunjie） | AE44: =VLOOKUP($H44,'[3]0509人员排班情况 副本'!$G:$U,13,FALSE) -> 贺子强Jeff (Ziqiang He) | AF44: =VLOOKUP($H44,'[3]0509人员排班情况 副本'!$G:$U,14,FALSE) -> Minqing (Minqing Xu),罗煜雄 Mike (Yuxiong Luo) | AG44: =VLOOKUP($H44,'[3]0509人员排班情况 副本'!$G:$U,15,FALSE) -> 0
A45: 2026/05/12 | B45: Derek (Derek Cheung) | C45: GL500461 | D45: FL 佛州大区 | E45: MIA.H | F45: 操作组 | G45: HUB | H45: =D45&E45&F45 -> FL 佛州大区MIA.H操作组 | I45: Warehouse Operator 操作员 | J45: TY_11:00 | K45: 0.45833333 | L45: 19:30 | M45: 0.45138889 | N45: 20:52 | O45: =IFERROR(IF(ABS(M45-K45)<=1/24,"正确","不正确"),"/") -> 正确 | P45: 0 | Q45: 9.53 | R45: 0 | S45: =Q45+R45 -> 9.53 | T45: =IF(S45-8>0,S45-8,0) -> 1.53 | U45: =IF(T45=0,"否","是") -> 是 | V45: =VLOOKUP($C45,[4]Sheet1!$B:$AN,39,FALSE) -> 9.53 | W45: 0 | X45: 4 | Y45: 4 | Z45: =IF(Y45-X45>=0,Y45-X45,0) -> 0 | AA45: =IF(J45="","否","是") -> 是 | AC45: =VLOOKUP(C45,[1]Sheet1!$C:$O,13,FALSE) -> #N/A | AD45: =VLOOKUP($H45,'[3]0509人员排班情况 副本'!$G:$U,12,FALSE) -> Natalia (Natalia Padilla),孙婕 Jasmine（Sunjie） | AE45: =VLOOKUP($H45,'[3]0509人员排班情况 副本'!$G:$U,13,FALSE) -> 贺子强Jeff (Ziqiang He) | AF45: =VLOOKUP($H45,'[3]0509人员排班情况 副本'!$G:$U,14,FALSE) -> Minqing (Minqing Xu),罗煜雄 Mike (Yuxiong Luo) | AG45: =VLOOKUP($H45,'[3]0509人员排班情况 副本'!$G:$U,15,FALSE) -> 0
A46: 2026/05/12 | B46: Derek Kissel | C46: GL501860 | D46: BD 本地客户部 | E46: 北美销售组 | H46: =D46&E46&F46 -> BD 本地客户部北美销售组 | I46: Sales Supervisor 销售主管 | J46: TY_09:30 | K46: 0.39583333 | L46: 18:00 | O46: =IFERROR(IF(ABS(M46-K46)<=1/24,"正确","不正确"),"/") -> 不正确 | P46: 0 | Q46: 0 | R46: 0 | S46: =Q46+R46 -> 0 | T46: =IF(S46-8>0,S46-8,0) -> 0 | U46: =IF(T46=0,"否","是") -> 否 | V46: =VLOOKUP($C46,[4]Sheet1!$B:$AN,39,FALSE) -> 0 | W46: 0 | X46: 0 | Y46: 4 | Z46: =IF(Y46-X46>=0,Y46-X46,0) -> 4 | AA46: =IF(J46="","否","是") -> 是 | AC46: =VLOOKUP(C46,[1]Sheet1!$C:$O,13,FALSE) -> #N/A | AD46: =VLOOKUP($H46,'[3]0509人员排班情况 副本'!$G:$U,12,FALSE) -> 袁博闻(Bowen Yuan) | AE46: =VLOOKUP($H46,'[3]0509人员排班情况 副本'!$G:$U,13,FALSE) -> 0 | AF46: =VLOOKUP($H46,'[3]0509人员排班情况 副本'!$G:$U,14,FALSE) -> 0 | AG46: =VLOOKUP($H46,'[3]0509人员排班情况 副本'!$G:$U,15,FALSE) -> 0
A47: 2026/05/12 | B47: Diego (Diego Perez) | C47: GL501516 | D47: MS 中南大区 | E47: AS 亚特兰大和南阿拉巴马片区 | F47: ATL01 | H47: =D47&E47&F47 -> MS 中南大区AS 亚特兰大和南阿拉巴马片区ATL01 | I47: Warehouse Operator 操作员 | J47: TY_06:30 | K47: 0.27083333 | L47: 15:00 | M47: 0.27430556 | N47: 14:50 | O47: =IFERROR(IF(ABS(M47-K47)<=1/24,"正确","不正确"),"/") -> 正确 | P47: 0 | Q47: 7.75 | R47: 0 | S47: =Q47+R47 -> 7.75 | T47: =IF(S47-8>0,S47-8,0) -> 0 | U47: =IF(T47=0,"否","是") -> 否 | V47: =VLOOKUP($C47,[4]Sheet1!$B:$AN,39,FALSE) -> 15.97 | W47: 0 | X47: 4 | Y47: 4 | Z47: =IF(Y47-X47>=0,Y47-X47,0) -> 0 | AA47: =IF(J47="","否","是") -> 是 | AC47: =VLOOKUP(C47,[1]Sheet1!$C:$O,13,FALSE) -> #N/A | AD47: =VLOOKUP($H47,'[3]0509人员排班情况 副本'!$G:$U,12,FALSE) -> 欧阳迎春Flower（Yingchun Ouyang） | AE47: =VLOOKUP($H47,'[3]0509人员排班情况 副本'!$G:$U,13,FALSE) -> 杨云飞 | AF47: =VLOOKUP($H47,'[3]0509人员排班情况 副本'!$G:$U,14,FALSE) -> 李明峰Lucas(Mingfeng Li) | AG47: =VLOOKUP($H47,'[3]0509人员排班情况 副本'!$G:$U,15,FALSE) -> 0
A48: 2026/05/12 | B48: Dinoshka (Dinoshka Colon) | C48: GL501246 | D48: FL 佛州大区 | E48: MCO.H | F48: 分拣组 | G48: HUB | H48: =D48&E48&F48 -> FL 佛州大区MCO.H分拣组 | I48: Sorter 分拣员 | J48: TY_09:00 | K48: 0.375 | L48: 17:30 | M48: 0.36527778 | N48: 17:30 | O48: =IFERROR(IF(ABS(M48-K48)<=1/24,"正确","不正确"),"/") -> 正确 | P48: 0 | Q48: 8.23 | R48: 0 | S48: =Q48+R48 -> 8.23 | T48: =IF(S48-8>0,S48-8,0) -> 0.23 | U48: =IF(T48=0,"否","是") -> 是 | V48: =VLOOKUP($C48,[4]Sheet1!$B:$AN,39,FALSE) -> 8.23 | W48: 0 | X48: 4 | Y48: 4 | Z48: =IF(Y48-X48>=0,Y48-X48,0) -> 0 | AA48: =IF(J48="","否","是") -> 是 | AC48: =VLOOKUP(C48,[1]Sheet1!$C:$O,13,FALSE) -> #N/A | AD48: =VLOOKUP($H48,'[3]0509人员排班情况 副本'!$G:$U,12,FALSE) -> Natalia (Natalia Padilla),孙婕 Jasmine（Sunjie） | AE48: =VLOOKUP($H48,'[3]0509人员排班情况 副本'!$G:$U,13,FALSE) -> 贺子强Jeff (Ziqiang He) | AF48: =VLOOKUP($H48,'[3]0509人员排班情况 副本'!$G:$U,14,FALSE) -> 张双甫(Shuangfu Zhang) | AG48: =VLOOKUP($H48,'[3]0509人员排班情况 副本'!$G:$U,15,FALSE) -> 0
A49: 2026/05/12 | B49: Duan Wenfeng | C49: GL502235 | D49: BD 本地客户部 | E49: 加拿大运营组 | H49: =D49&E49&F49 -> BD 本地客户部加拿大运营组 | I49: Operations Support Specialist 运营支持专员 | J49: TY_09:30 | K49: 0.39583333 | L49: 18:00 | O49: =IFERROR(IF(ABS(M49-K49)<=1/24,"正确","不正确"),"/") -> 不正确 | P49: 0 | Q49: 0 | R49: 0 | S49: =Q49+R49 -> 0 | T49: =IF(S49-8>0,S49-8,0) -> 0 | U49: =IF(T49=0,"否","是") -> 否 | V49: =VLOOKUP($C49,[4]Sheet1!$B:$AN,39,FALSE) -> 0 | W49: 0 | X49: 0 | Y49: 4 | Z49: =IF(Y49-X49>=0,Y49-X49,0) -> 4 | AA49: =IF(J49="","否","是") -> 是 | AC49: =VLOOKUP(C49,[1]Sheet1!$C:$O,13,FALSE) -> #N/A | AD49: =VLOOKUP($H49,'[3]0509人员排班情况 副本'!$G:$U,12,FALSE) -> 袁博闻(Bowen Yuan) | AE49: =VLOOKUP($H49,'[3]0509人员排班情况 副本'!$G:$U,13,FALSE) -> 0 | AF49: =VLOOKUP($H49,'[3]0509人员排班情况 副本'!$G:$U,14,FALSE) -> 0 | AG49: =VLOOKUP($H49,'[3]0509人员排班情况 副本'!$G:$U,15,FALSE) -> 0
A50: 2026/05/12 | B50: Edmund(Edmund Rivera) | C50: GL502747 | D50: Ground项目部 | E50: OG 美中区 | F50: ORD.G | H50: =D50&E50&F50 -> Ground项目部OG 美中区ORD.G | I50: Warehouse Operator 操作员 | J50: TY_15:00 | K50: 0.625 | L50: 23:30 | O50: =IFERROR(IF(ABS(M50-K50)<=1/24,"正确","不正确"),"/") -> 不正确 | P50: 0 | Q50: 0 | R50: 0 | S50: =Q50+R50 -> 0 | T50: =IF(S50-8>0,S50-8,0) -> 0 | U50: =IF(T50=0,"否","是") -> 否 | V50: =VLOOKUP($C50,[4]Sheet1!$B:$AN,39,FALSE) -> 0 | W50: 0 | X50: 0 | Y50: 4 | Z50: =IF(Y50-X50>=0,Y50-X50,0) -> 4 | AA50: =IF(J50="","否","是") -> 是 | AC50: =VLOOKUP(C50,[1]Sheet1!$C:$O,13,FALSE) -> #N/A | AD50: =VLOOKUP($H50,'[3]0509人员排班情况 副本'!$G:$U,12,FALSE) -> 王安琪 (Anqi Wang),张朱同 Thomson（Zhutong Zhang） | AE50: =VLOOKUP($H50,'[3]0509人员排班情况 副本'!$G:$U,13,FALSE) -> 陈锦昭 | AF50: =VLOOKUP($H50,'[3]0509人员排班情况 副本'!$G:$U,14,FALSE) -> 0 | AG50: =VLOOKUP($H50,'[3]0509人员排班情况 副本'!$G:$U,15,FALSE) -> 0
A51: 2026/05/12 | B51: Effy Wang | C51: GL502234 | D51: BD 本地客户部 | E51: 定价分析组 | H51: =D51&E51&F51 -> BD 本地客户部定价分析组 | I51: Senior Product Specialist 高级产品专员 | J51: TY_09:30 | K51: 0.39583333 | L51: 18:00 | O51: =IFERROR(IF(ABS(M51-K51)<=1/24,"正确","不正确"),"/") -> 不正确 | P51: 0 | Q51: 0 | R51: 0 | S51: =Q51+R51 -> 0 | T51: =IF(S51-8>0,S51-8,0) -> 0 | U51: =IF(T51=0,"否","是") -> 否 | V51: =VLOOKUP($C51,[4]Sheet1!$B:$AN,39,FALSE) -> 0 | W51: 0 | X51: 0 | Y51: 4 | Z51: =IF(Y51-X51>=0,Y51-X51,0) -> 4 | AA51: =IF(J51="","否","是") -> 是 | AC51: =VLOOKUP(C51,[1]Sheet1!$C:$O,13,FALSE) -> #N/A | AD51: =VLOOKUP($H51,'[3]0509人员排班情况 副本'!$G:$U,12,FALSE) -> 袁博闻(Bowen Yuan) | AE51: =VLOOKUP($H51,'[3]0509人员排班情况 副本'!$G:$U,13,FALSE) -> 0 | AF51: =VLOOKUP($H51,'[3]0509人员排班情况 副本'!$G:$U,14,FALSE) -> 0 | AG51: =VLOOKUP($H51,'[3]0509人员排班情况 副本'!$G:$U,15,FALSE) -> 0
A52: 2026/05/12 | B52: Elizabeth Guynn | C52: GL502467 | D52: BD 本地客户部 | E52: 北美销售组 | H52: =D52&E52&F52 -> BD 本地客户部北美销售组 | I52: Senior Sales Specialist 高级销售专员 | J52: TY_09:30 | K52: 0.39583333 | L52: 18:00 | O52: =IFERROR(IF(ABS(M52-K52)<=1/24,"正确","不正确"),"/") -> 不正确 | P52: 0 | Q52: 0 | R52: 0 | S52: =Q52+R52 -> 0 | T52: =IF(S52-8>0,S52-8,0) -> 0 | U52: =IF(T52=0,"否","是") -> 否 | V52: =VLOOKUP($C52,[4]Sheet1!$B:$AN,39,FALSE) -> 0 | W52: 0 | X52: 0 | Y52: 0 | Z52: =IF(Y52-X52>=0,Y52-X52,0) -> 0 | AA52: =IF(J52="","否","是") -> 是 | AB52: 出差申请2026/05/12 09:30-2026/05/12 18:00[已完成] | AC52: =VLOOKUP(C52,[1]Sheet1!$C:$O,13,FALSE) -> #N/A | AD52: =VLOOKUP($H52,'[3]0509人员排班情况 副本'!$G:$U,12,FALSE) -> 袁博闻(Bowen Yuan) | AE52: =VLOOKUP($H52,'[3]0509人员排班情况 副本'!$G:$U,13,FALSE) -> 0 | AF52: =VLOOKUP($H52,'[3]0509人员排班情况 副本'!$G:$U,14,FALSE) -> 0 | AG52: =VLOOKUP($H52,'[3]0509人员排班情况 副本'!$G:$U,15,FALSE) -> 0
A53: 2026/05/12 | B53: Elyse（Elyse Sandra Ellenwood） | C53: GL501568 | D53: MS 中南大区 | E53: CS 夏洛特及周边片区 | F53: GSP01 | H53: =D53&E53&F53 -> MS 中南大区CS 夏洛特及周边片区GSP01 | I53: Station Operations Specialist 站点运营专员 | J53: TY_06:00 | K53: 0.25 | L53: 14:30 | M53: 0.25208333 | O53: =IFERROR(IF(ABS(M53-K53)<=1/24,"正确","不正确"),"/") -> 正确 | P53: 0 | Q53: 0 | R53: 0 | S53: =Q53+R53 -> 0 | T53: =IF(S53-8>0,S53-8,0) -> 0 | U53: =IF(T53=0,"否","是") -> 否 | V53: =VLOOKUP($C53,[4]Sheet1!$B:$AN,39,FALSE) -> 4.92 | W53: 0 | X53: 4 | Y53: 4 | Z53: =IF(Y53-X53>=0,Y53-X53,0) -> 0 | AA53: =IF(J53="","否","是") -> 是 | AC53: =VLOOKUP(C53,[1]Sheet1!$C:$O,13,FALSE) -> #N/A | AD53: =VLOOKUP($H53,'[3]0509人员排班情况 副本'!$G:$U,12,FALSE) -> 欧阳迎春Flower（Yingchun Ouyang） | AE53: =VLOOKUP($H53,'[3]0509人员排班情况 副本'!$G:$U,13,FALSE) -> 杨云飞 | AF53: =VLOOKUP($H53,'[3]0509人员排班情况 副本'!$G:$U,14,FALSE) -> 唐浩Thomas(Hao Tang) | AG53: =VLOOKUP($H53,'[3]0509人员排班情况 副本'!$G:$U,15,FALSE) -> 0
A54: 2026/05/12 | B54: Eric (Eric Salas Salcedo) | C54: GL501002 | D54: FL 佛州大区 | E54: MCO.H | F54: 分拣组 | G54: HUB | H54: =D54&E54&F54 -> FL 佛州大区MCO.H分拣组 | I54: Sorter 分拣员 | J54: TY_13:00 | K54: 0.54166667 | L54: 21:30 | M54: 0.51527778 | N54: 23:01 | O54: =IFERROR(IF(ABS(M54-K54)<=1/24,"正确","不正确"),"/") -> 正确 | P54: 0 | Q54: 10.15 | R54: 0 | S54: =Q54+R54 -> 10.15 | T54: =IF(S54-8>0,S54-8,0) -> 2.15 | U54: =IF(T54=0,"否","是") -> 是 | V54: =VLOOKUP($C54,[4]Sheet1!$B:$AN,39,FALSE) -> 22.07 | W54: 0 | X54: 4 | Y54: 4 | Z54: =IF(Y54-X54>=0,Y54-X54,0) -> 0 | AA54: =IF(J54="","否","是") -> 是 | AC54: =VLOOKUP(C54,[1]Sheet1!$C:$O,13,FALSE) -> #N/A | AD54: =VLOOKUP($H54,'[3]0509人员排班情况 副本'!$G:$U,12,FALSE) -> Natalia (Natalia Padilla),孙婕 Jasmine（Sunjie） | AE54: =VLOOKUP($H54,'[3]0509人员排班情况 副本'!$G:$U,13,FALSE) -> 贺子强Jeff (Ziqiang He) | AF54: =VLOOKUP($H54,'[3]0509人员排班情况 副本'!$G:$U,14,FALSE) -> 张双甫(Shuangfu Zhang) | AG54: =VLOOKUP($H54,'[3]0509人员排班情况 副本'!$G:$U,15,FALSE) -> 0
A55: 2026/05/12 | B55: Eric Xiong | C55: GL502741 | D55: TX 德州大区 | E55: DFW.H | F55: 操作组 | G55: HUB | H55: =D55&E55&F55 -> TX 德州大区DFW.H操作组 | I55: Warehouse Operator 操作员 | J55: TY_休息日 | K55: 0.39583333 | L55: 18:00 | O55: 正确 | P55: 0 | Q55: 0 | R55: 0 | S55: =Q55+R55 -> 0 | T55: =IF(S55-8>0,S55-8,0) -> 0 | U55: =IF(T55=0,"否","是") -> 否 | V55: =VLOOKUP($C55,[4]Sheet1!$B:$AN,39,FALSE) -> 9.23 | W55: 0 | X55: 0 | Y55: 0 | Z55: =IF(Y55-X55>=0,Y55-X55,0) -> 0 | AA55: =IF(J55="","否","是") -> 是 | AC55: =VLOOKUP(C55,[1]Sheet1!$C:$O,13,FALSE) -> #N/A | AD55: =VLOOKUP($H55,'[3]0509人员排班情况 副本'!$G:$U,12,FALSE) -> 肖芦莉Lily (Luli Xiao) | AE55: =VLOOKUP($H55,'[3]0509人员排班情况 副本'!$G:$U,13,FALSE) -> 张骥Ji Zhang (Ji Zhang) | AF55: =VLOOKUP($H55,'[3]0509人员排班情况 副本'!$G:$U,14,FALSE) -> Minqing (Minqing Xu),罗煜雄 Mike (Yuxiong Luo) | AG55: =VLOOKUP($H55,'[3]0509人员排班情况 副本'!$G:$U,15,FALSE) -> 0
A56: 2026/05/12 | B56: Erik (Erik Perez) | C56: GL501546 | D56: FL 佛州大区 | E56: MIA.H | F56: 二程管理组 | G56: HUB | H56: =D56&E56&F56 -> FL 佛州大区MIA.H二程管理组 | I56: Second-leg air freight Specialist 二程发货员 | J56: TY_08:00 | K56: 0.33333333 | L56: 16:30 | M56: 0.33194444 | N56: 17:32 | O56: =IFERROR(IF(ABS(M56-K56)<=1/24,"正确","不正确"),"/") -> 正确 | P56: 0 | Q56: 9.07 | R56: 0 | S56: =Q56+R56 -> 9.07 | T56: =IF(S56-8>0,S56-8,0) -> 1.07 | U56: =IF(T56=0,"否","是") -> 是 | V56: =VLOOKUP($C56,[4]Sheet1!$B:$AN,39,FALSE) -> 9.07 | W56: 0 | X56: 2 | Y56: 4 | Z56: =IF(Y56-X56>=0,Y56-X56,0) -> 2 | AA56: =IF(J56="","否","是") -> 是 | AC56: =VLOOKUP(C56,[1]Sheet1!$C:$O,13,FALSE) -> #N/A | AD56: =VLOOKUP($H56,'[3]0509人员排班情况 副本'!$G:$U,12,FALSE) -> Natalia (Natalia Padilla),孙婕 Jasmine（Sunjie） | AE56: =VLOOKUP($H56,'[3]0509人员排班情况 副本'!$G:$U,13,FALSE) -> 贺子强Jeff (Ziqiang He) | AF56: =VLOOKUP($H56,'[3]0509人员排班情况 副本'!$G:$U,14,FALSE) -> Minqing (Minqing Xu),罗煜雄 Mike (Yuxiong Luo) | AG56: =VLOOKUP($H56,'[3]0509人员排班情况 副本'!$G:$U,15,FALSE) -> 0
A57: 2026/05/12 | B57: Ethan Thomas | C57: GL502087 | D57: WE 美西大区 | E57: DS 丹佛·盐湖城片区 | F57: DEN.H | H57: =D57&E57&F57 -> WE 美西大区DS 丹佛·盐湖城片区DEN.H | I57: Sorter 分拣员 | J57: TY_08:00 | K57: 0.33333333 | L57: 16:30 | M57: 0.3375 | N57: 16:53 | O57: =IFERROR(IF(ABS(M57-K57)<=1/24,"正确","不正确"),"/") -> 正确 | P57: 0 | Q57: 8.28 | R57: 0 | S57: =Q57+R57 -> 8.28 | T57: =IF(S57-8>0,S57-8,0) -> 0.28 | U57: =IF(T57=0,"否","是") -> 是 | V57: =VLOOKUP($C57,[4]Sheet1!$B:$AN,39,FALSE) -> 16.58 | W57: 0 | X57: 4 | Y57: 4 | Z57: =IF(Y57-X57>=0,Y57-X57,0) -> 0 | AA57: =IF(J57="","否","是") -> 是 | AC57: =VLOOKUP(C57,[1]Sheet1!$C:$O,13,FALSE) -> #N/A | AD57: =VLOOKUP($H57,'[3]0509人员排班情况 副本'!$G:$U,12,FALSE) -> 王骞Ariel（Qian Wang）,叶秀芳Freya (Xiufang Ye) | AE57: =VLOOKUP($H57,'[3]0509人员排班情况 副本'!$G:$U,13,FALSE) -> 常哲 | AF57: =VLOOKUP($H57,'[3]0509人员排班情况 副本'!$G:$U,14,FALSE) -> 兰鹏Peng（Peng Lan） | AG57: =VLOOKUP($H57,'[3]0509人员排班情况 副本'!$G:$U,15,FALSE) -> 0
A58: 2026/05/12 | B58: Fay Geng | C58: GL502226 | D58: BD 本地客户部 | E58: 定价分析组 | H58: =D58&E58&F58 -> BD 本地客户部定价分析组 | I58: Product Supervisor 产品主管 | J58: TY_09:30 | K58: 0.39583333 | L58: 18:00 | O58: =IFERROR(IF(ABS(M58-K58)<=1/24,"正确","不正确"),"/") -> 不正确 | P58: 0 | Q58: 0 | R58: 0 | S58: =Q58+R58 -> 0 | T58: =IF(S58-8>0,S58-8,0) -> 0 | U58: =IF(T58=0,"否","是") -> 否 | V58: =VLOOKUP($C58,[4]Sheet1!$B:$AN,39,FALSE) -> 0 | W58: 0 | X58: 0 | Y58: 4 | Z58: =IF(Y58-X58>=0,Y58-X58,0) -> 4 | AA58: =IF(J58="","否","是") -> 是 | AC58: =VLOOKUP(C58,[1]Sheet1!$C:$O,13,FALSE) -> #N/A | AD58: =VLOOKUP($H58,'[3]0509人员排班情况 副本'!$G:$U,12,FALSE) -> 袁博闻(Bowen Yuan) | AE58: =VLOOKUP($H58,'[3]0509人员排班情况 副本'!$G:$U,13,FALSE) -> 0 | AF58: =VLOOKUP($H58,'[3]0509人员排班情况 副本'!$G:$U,14,FALSE) -> 0 | AG58: =VLOOKUP($H58,'[3]0509人员排班情况 副本'!$G:$U,15,FALSE) -> 0
A59: 2026/05/12 | B59: Fidel (Fidel Diaz Gonzalez) | C59: GL500295 | D59: FL 佛州大区 | E59: MIA.H | F59: 操作组 | G59: HUB | H59: =D59&E59&F59 -> FL 佛州大区MIA.H操作组 | I59: Warehouse Operator 操作员 | J59: TY_20:00 | K59: 0.83333333 | L59: 04:30 | M59: 0.85902778 | O59: =IFERROR(IF(ABS(M59-K59)<=1/24,"正确","不正确"),"/") -> 正确 | P59: 0 | Q59: 0 | R59: 0 | S59: =Q59+R59 -> 0 | T59: =IF(S59-8>0,S59-8,0) -> 0 | U59: =IF(T59=0,"否","是") -> 否 | V59: =VLOOKUP($C59,[4]Sheet1!$B:$AN,39,FALSE) -> 5 | W59: 0 | X59: 1 | Y59: 4 | Z59: =IF(Y59-X59>=0,Y59-X59,0) -> 3 | AA59: =IF(J59="","否","是") -> 是 | AC59: =VLOOKUP(C59,[1]Sheet1!$C:$O,13,FALSE) -> #N/A | AD59: =VLOOKUP($H59,'[3]0509人员排班情况 副本'!$G:$U,12,FALSE) -> Natalia (Natalia Padilla),孙婕 Jasmine（Sunjie） | AE59: =VLOOKUP($H59,'[3]0509人员排班情况 副本'!$G:$U,13,FALSE) -> 贺子强Jeff (Ziqiang He) | AF59: =VLOOKUP($H59,'[3]0509人员排班情况 副本'!$G:$U,14,FALSE) -> Minqing (Minqing Xu),罗煜雄 Mike (Yuxiong Luo) | AG59: =VLOOKUP($H59,'[3]0509人员排班情况 副本'!$G:$U,15,FALSE) -> 0
A60: 2026/05/12 | B60: Fode (Fode Oumar Gueye) | C60: GL502624 | D60: FL 佛州大区 | E60: NF 北佛片区 | F60: TAL01 | H60: =D60&E60&F60 -> FL 佛州大区NF 北佛片区TAL01 | I60: Station Operations Specialist 站点运营专员 | J60: TY_05:00 | K60: 0.20833333 | L60: 13:30 | M60: 0.20902778 | N60: 13:34 | O60: =IFERROR(IF(ABS(M60-K60)<=1/24,"正确","不正确"),"/") -> 正确 | P60: 0 | Q60: 8.05 | R60: 0 | S60: =Q60+R60 -> 8.05 | T60: =IF(S60-8>0,S60-8,0) -> 0.05 | U60: =IF(T60=0,"否","是") -> 是 | V60: =VLOOKUP($C60,[4]Sheet1!$B:$AN,39,FALSE) -> 16.13 | W60: 0 | X60: 4 | Y60: 4 | Z60: =IF(Y60-X60>=0,Y60-X60,0) -> 0 | AA60: =IF(J60="","否","是") -> 是 | AC60: =VLOOKUP(C60,[1]Sheet1!$C:$O,13,FALSE) -> #N/A | AD60: =VLOOKUP($H60,'[3]0509人员排班情况 副本'!$G:$U,12,FALSE) -> Natalia (Natalia Padilla),孙婕 Jasmine（Sunjie） | AE60: =VLOOKUP($H60,'[3]0509人员排班情况 副本'!$G:$U,13,FALSE) -> 贺子强Jeff (Ziqiang He) | AF60: =VLOOKUP($H60,'[3]0509人员排班情况 副本'!$G:$U,14,FALSE) -> 黄燕娜 Nana (Yanna Huang) | AG60: =VLOOKUP($H60,'[3]0509人员排班情况 副本'!$G:$U,15,FALSE) -> 0
A61: 2026/05/12 | B61: Francisco Espinoza（Francisco Espinoza） | C61: GL501201 | D61: WE 美西大区 | E61: CNO.H | F61: 操作组 | G61: HUB | H61: =D61&E61&F61 -> WE 美西大区CNO.H操作组 | I61: Warehouse Operator 操作员 | J61: TY_07:00 | K61: 0.29166667 | L61: 15:30 | M61: 0.31875 | N61: 16:26 | O61: =IFERROR(IF(ABS(M61-K61)<=1/24,"正确","不正确"),"/") -> 正确 | P61: 0 | Q61: 8.28 | R61: 0 | S61: =Q61+R61 -> 8.28 | T61: =IF(S61-8>0,S61-8,0) -> 0.28 | U61: =IF(T61=0,"否","是") -> 是 | V61: =VLOOKUP($C61,[4]Sheet1!$B:$AN,39,FALSE) -> 17.38 | W61: 0 | X61: 4 | Y61: 4 | Z61: =IF(Y61-X61>=0,Y61-X61,0) -> 0 | AA61: =IF(J61="","否","是") -> 是 | AC61: =VLOOKUP(C61,[1]Sheet1!$C:$O,13,FALSE) -> #N/A | AD61: =VLOOKUP($H61,'[3]0509人员排班情况 副本'!$G:$U,12,FALSE) -> 王骞Ariel（Qian Wang）,叶秀芳Freya (Xiufang Ye) | AE61: =VLOOKUP($H61,'[3]0509人员排班情况 副本'!$G:$U,13,FALSE) -> 常哲 | AF61: =VLOOKUP($H61,'[3]0509人员排班情况 副本'!$G:$U,14,FALSE) -> Minqing (Minqing Xu),罗煜雄 Mike (Yuxiong Luo) | AG61: =VLOOKUP($H61,'[3]0509人员排班情况 副本'!$G:$U,15,FALSE) -> 0
A62: 2026/05/12 | B62: Freddy (Freddy Sanchez Romero) | C62: GL501659 | D62: Ground项目部 | E62: OG 美南区 | F62: ATL.G | H62: =D62&E62&F62 -> Ground项目部OG 美南区ATL.G | I62: Warehouse Lead 操作组长 | J62: TY_05:00 | K62: 0.20833333 | L62: 13:30 | M62: 0.2125 | N62: 13:42 | O62: =IFERROR(IF(ABS(M62-K62)<=1/24,"正确","不正确"),"/") -> 正确 | P62: 0 | Q62: 8.1 | R62: 0 | S62: =Q62+R62 -> 8.1 | T62: =IF(S62-8>0,S62-8,0) -> 0.1 | U62: =IF(T62=0,"否","是") -> 是 | V62: =VLOOKUP($C62,[4]Sheet1!$B:$AN,39,FALSE) -> 8.1 | W62: 0 | X62: 4 | Y62: 4 | Z62: =IF(Y62-X62>=0,Y62-X62,0) -> 0 | AA62: =IF(J62="","否","是") -> 是 | AC62: =VLOOKUP(C62,[1]Sheet1!$C:$O,13,FALSE) -> #N/A | AD62: =VLOOKUP($H62,'[3]0509人员排班情况 副本'!$G:$U,12,FALSE) -> 王安琪 (Anqi Wang),张朱同 Thomson（Zhutong Zhang） | AE62: =VLOOKUP($H62,'[3]0509人员排班情况 副本'!$G:$U,13,FALSE) -> 陈锦昭 | AF62: =VLOOKUP($H62,'[3]0509人员排班情况 副本'!$G:$U,14,FALSE) -> 金筱燕Sharon（Xiaoyan Jin） | AG62: =VLOOKUP($H62,'[3]0509人员排班情况 副本'!$G:$U,15,FALSE) -> 0
A63: 2026/05/12 | B63: Gabriela（Gabriela Nunez） | C63: GL501380 | D63: MS 中南大区 | E63: ATL.H | F63: 分拣组 | G63: HUB | H63: =D63&E63&F63 -> MS 中南大区ATL.H分拣组 | I63: Sorting Lead 分拣组长 | J63: TY_09:00 | K63: 0.375 | L63: 17:30 | M63: 0.39930556 | N63: 18:56 | O63: =IFERROR(IF(ABS(M63-K63)<=1/24,"正确","不正确"),"/") -> 正确 | P63: 0 | Q63: 8.85 | R63: 0 | S63: =Q63+R63 -> 8.85 | T63: =IF(S63-8>0,S63-8,0) -> 0.85 | U63: =IF(T63=0,"否","是") -> 是 | V63: =VLOOKUP($C63,[4]Sheet1!$B:$AN,39,FALSE) -> 8.85 | W63: 0 | X63: 4 | Y63: 4 | Z63: =IF(Y63-X63>=0,Y63-X63,0) -> 0 | AA63: =IF(J63="","否","是") -> 是 | AC63: =VLOOKUP(C63,[1]Sheet1!$C:$O,13,FALSE) -> #N/A | AD63: =VLOOKUP($H63,'[3]0509人员排班情况 副本'!$G:$U,12,FALSE) -> 欧阳迎春Flower（Yingchun Ouyang） | AE63: =VLOOKUP($H63,'[3]0509人员排班情况 副本'!$G:$U,13,FALSE) -> 杨云飞 | AF63: =VLOOKUP($H63,'[3]0509人员排班情况 副本'!$G:$U,14,FALSE) -> 张双甫(Shuangfu Zhang),明杰麟Jennie (Jielin Ming) | AG63: =VLOOKUP($H63,'[3]0509人员排班情况 副本'!$G:$U,15,FALSE) -> 文艳平
A64: 2026/05/12 | B64: Garcia Keith Joseph（Garcia Keith Joseph） | C64: GL500499 | D64: WE 美西大区 | E64: LAV.H | F64: 操作组 | G64: HUB | H64: =D64&E64&F64 -> WE 美西大区LAV.H操作组 | I64: Warehouse Lead 操作组长 | J64: TY_16:30 | K64: 0.6875 | L64: 01:00 | M64: 0.69097222 | O64: =IFERROR(IF(ABS(M64-K64)<=1/24,"正确","不正确"),"/") -> 正确 | P64: 0 | Q64: 0 | R64: 0 | S64: =Q64+R64 -> 0 | T64: =IF(S64-8>0,S64-8,0) -> 0 | U64: =IF(T64=0,"否","是") -> 否 | V64: =VLOOKUP($C64,[4]Sheet1!$B:$AN,39,FALSE) -> 0 | W64: 0 | X64: 3 | Y64: 4 | Z64: =IF(Y64-X64>=0,Y64-X64,0) -> 1 | AA64: =IF(J64="","否","是") -> 是 | AC64: =VLOOKUP(C64,[1]Sheet1!$C:$O,13,FALSE) -> #N/A | AD64: =VLOOKUP($H64,'[3]0509人员排班情况 副本'!$G:$U,12,FALSE) -> 王骞Ariel（Qian Wang）,叶秀芳Freya (Xiufang Ye) | AE64: =VLOOKUP($H64,'[3]0509人员排班情况 副本'!$G:$U,13,FALSE) -> 常哲 | AF64: =VLOOKUP($H64,'[3]0509人员排班情况 副本'!$G:$U,14,FALSE) -> Minqing (Minqing Xu),罗煜雄 Mike (Yuxiong Luo) | AG64: =VLOOKUP($H64,'[3]0509人员排班情况 副本'!$G:$U,15,FALSE) -> 0
A65: 2026/05/12 | B65: Garcia Kyle Joshua | C65: GL502812 | D65: WE 美西大区 | E65: LAV.H | F65: 操作组 | G65: HUB | H65: =D65&E65&F65 -> WE 美西大区LAV.H操作组 | I65: Warehouse Operator 操作员 | J65: TY_16:30 | K65: 0.6875 | L65: 01:00 | M65: 0.69097222 | O65: =IFERROR(IF(ABS(M65-K65)<=1/24,"正确","不正确"),"/") -> 正确 | P65: 0 | Q65: 0 | R65: 0 | S65: =Q65+R65 -> 0 | T65: =IF(S65-8>0,S65-8,0) -> 0 | U65: =IF(T65=0,"否","是") -> 否 | V65: =VLOOKUP($C65,[4]Sheet1!$B:$AN,39,FALSE) -> 11.55 | W65: 0 | X65: 3 | Y65: 4 | Z65: =IF(Y65-X65>=0,Y65-X65,0) -> 1 | AA65: =IF(J65="","否","是") -> 是 | AC65: =VLOOKUP(C65,[1]Sheet1!$C:$O,13,FALSE) -> #N/A | AD65: =VLOOKUP($H65,'[3]0509人员排班情况 副本'!$G:$U,12,FALSE) -> 王骞Ariel（Qian Wang）,叶秀芳Freya (Xiufang Ye) | AE65: =VLOOKUP($H65,'[3]0509人员排班情况 副本'!$G:$U,13,FALSE) -> 常哲 | AF65: =VLOOKUP($H65,'[3]0509人员排班情况 副本'!$G:$U,14,FALSE) -> Minqing (Minqing Xu),罗煜雄 Mike (Yuxiong Luo) | AG65: =VLOOKUP($H65,'[3]0509人员排班情况 副本'!$G:$U,15,FALSE) -> 0
A66: 2026/05/12 | B66: Gema（Gema Palma Zambrano） | C66: GL501678 | D66: MS 中南大区 | E66: ATL.H | F66: 分拣组 | G66: HUB | H66: =D66&E66&F66 -> MS 中南大区ATL.H分拣组 | I66: Sorting Lead 分拣组长 | J66: TY_18:00 | K66: 0.75 | L66: 02:30 | M66: 0.77986111 | O66: =IFERROR(IF(ABS(M66-K66)<=1/24,"正确","不正确"),"/") -> 正确 | P66: 0 | Q66: 0 | R66: 0 | S66: =Q66+R66 -> 0 | T66: =IF(S66-8>0,S66-8,0) -> 0 | U66: =IF(T66=0,"否","是") -> 否 | V66: =VLOOKUP($C66,[4]Sheet1!$B:$AN,39,FALSE) -> 9.98 | W66: 0 | X66: 1 | Y66: 4 | Z66: =IF(Y66-X66>=0,Y66-X66,0) -> 3 | AA66: =IF(J66="","否","是") -> 是 | AC66: =VLOOKUP(C66,[1]Sheet1!$C:$O,13,FALSE) -> #N/A | AD66: =VLOOKUP($H66,'[3]0509人员排班情况 副本'!$G:$U,12,FALSE) -> 欧阳迎春Flower（Yingchun Ouyang） | AE66: =VLOOKUP($H66,'[3]0509人员排班情况 副本'!$G:$U,13,FALSE) -> 杨云飞 | AF66: =VLOOKUP($H66,'[3]0509人员排班情况 副本'!$G:$U,14,FALSE) -> 张双甫(Shuangfu Zhang),明杰麟Jennie (Jielin Ming) | AG66: =VLOOKUP($H66,'[3]0509人员排班情况 副本'!$G:$U,15,FALSE) -> 文艳平
A67: 2026/05/12 | B67: Geovanny (Geovanny Eusebio) | C67: GL501581 | D67: FL 佛州大区 | E67: OCF01 | H67: =D67&E67&F67 -> FL 佛州大区OCF01 | I67: Station Operations Specialist 站点运营专员 | J67: TY_05:00 | K67: 0.20833333 | L67: 13:30 | M67: 0.19861111 | N67: 14:02 | O67: =IFERROR(IF(ABS(M67-K67)<=1/24,"正确","不正确"),"/") -> 正确 | P67: 0 | Q67: 8.77 | R67: 0 | S67: =Q67+R67 -> 8.77 | T67: =IF(S67-8>0,S67-8,0) -> 0.77 | U67: =IF(T67=0,"否","是") -> 是 | V67: =VLOOKUP($C67,[4]Sheet1!$B:$AN,39,FALSE) -> 17.49 | W67: 0 | X67: 2 | Y67: 4 | Z67: =IF(Y67-X67>=0,Y67-X67,0) -> 2 | AA67: =IF(J67="","否","是") -> 是 | AC67: =VLOOKUP(C67,[1]Sheet1!$C:$O,13,FALSE) -> #N/A | AD67: =VLOOKUP($H67,'[3]0509人员排班情况 副本'!$G:$U,12,FALSE) -> Natalia (Natalia Padilla),孙婕 Jasmine（Sunjie） | AE67: =VLOOKUP($H67,'[3]0509人员排班情况 副本'!$G:$U,13,FALSE) -> 贺子强Jeff (Ziqiang He) | AF67: =VLOOKUP($H67,'[3]0509人员排班情况 副本'!$G:$U,14,FALSE) -> 0 | AG67: =VLOOKUP($H67,'[3]0509人员排班情况 副本'!$G:$U,15,FALSE) -> 0
A68: 2026/05/12 | B68: Gerson (Gerson Vargas) | C68: GL501004 | D68: FL 佛州大区 | E68: MCO.H | F68: 分拣组 | G68: HUB | H68: =D68&E68&F68 -> FL 佛州大区MCO.H分拣组 | I68: Sorter 分拣员 | J68: TY_休息日 | K68: 0.39583333 | L68: 18:00 | O68: 正确 | P68: 0 | Q68: 0 | R68: 0 | S68: =Q68+R68 -> 0 | T68: =IF(S68-8>0,S68-8,0) -> 0 | U68: =IF(T68=0,"否","是") -> 否 | V68: =VLOOKUP($C68,[4]Sheet1!$B:$AN,39,FALSE) -> 0 | W68: 0 | X68: 0 | Y68: 0 | Z68: =IF(Y68-X68>=0,Y68-X68,0) -> 0 | AA68: =IF(J68="","否","是") -> 是 | AC68: =VLOOKUP(C68,[1]Sheet1!$C:$O,13,FALSE) -> #N/A | AD68: =VLOOKUP($H68,'[3]0509人员排班情况 副本'!$G:$U,12,FALSE) -> Natalia (Natalia Padilla),孙婕 Jasmine（Sunjie） | AE68: =VLOOKUP($H68,'[3]0509人员排班情况 副本'!$G:$U,13,FALSE) -> 贺子强Jeff (Ziqiang He) | AF68: =VLOOKUP($H68,'[3]0509人员排班情况 副本'!$G:$U,14,FALSE) -> 张双甫(Shuangfu Zhang) | AG68: =VLOOKUP($H68,'[3]0509人员排班情况 副本'!$G:$U,15,FALSE) -> 0
A69: 2026/05/12 | B69: Hauon Lo | C69: GL502299 | D69: TX 德州大区 | E69: GC 墨湾片区 | F69: MSY01 | H69: =D69&E69&F69 -> TX 德州大区GC 墨湾片区MSY01 | I69: Station Operations Specialist 站点运营专员 | J69: TY_05:00 | K69: 0.20833333 | L69: 13:30 | O69: =IFERROR(IF(ABS(M69-K69)<=1/24,"正确","不正确"),"/") -> 不正确 | P69: 0 | Q69: 0 | R69: 0 | S69: =Q69+R69 -> 0 | T69: =IF(S69-8>0,S69-8,0) -> 0 | U69: =IF(T69=0,"否","是") -> 否 | V69: =VLOOKUP($C69,[4]Sheet1!$B:$AN,39,FALSE) -> 8 | W69: 0 | X69: 0 | Y69: 4 | Z69: =IF(Y69-X69>=0,Y69-X69,0) -> 4 | AA69: =IF(J69="","否","是") -> 是 | AC69: =VLOOKUP(C69,[1]Sheet1!$C:$O,13,FALSE) -> #N/A | AD69: =VLOOKUP($H69,'[3]0509人员排班情况 副本'!$G:$U,12,FALSE) -> 肖芦莉Lily (Luli Xiao) | AE69: =VLOOKUP($H69,'[3]0509人员排班情况 副本'!$G:$U,13,FALSE) -> 张骥Ji Zhang (Ji Zhang) | AF69: =VLOOKUP($H69,'[3]0509人员排班情况 副本'!$G:$U,14,FALSE) -> 金磊Brian（LEI JIN） | AG69: =VLOOKUP($H69,'[3]0509人员排班情况 副本'!$G:$U,15,FALSE) -> 0
A70: 2026/05/12 | B70: Huang Leiming | C70: GL500508 | D70: NE 东北大区 | E70: JFK.H | F70: 操作组 | G70: HUB | H70: =D70&E70&F70 -> NE 东北大区JFK.H操作组 | I70: Warehouse Operator 操作员 | J70: TY_12:00 | K70: 0.5 | L70: 20:30 | M70: 0.49513889 | N70: 22:32 | O70: =IFERROR(IF(ABS(M70-K70)<=1/24,"正确","不正确"),"/") -> 正确 | P70: 0 | Q70: 10.15 | R70: 0 | S70: =Q70+R70 -> 10.15 | T70: =IF(S70-8>0,S70-8,0) -> 2.15 | U70: =IF(T70=0,"否","是") -> 是 | V70: =VLOOKUP($C70,[4]Sheet1!$B:$AN,39,FALSE) -> 20.07 | W70: 0 | X70: 4 | Y70: 4 | Z70: =IF(Y70-X70>=0,Y70-X70,0) -> 0 | AA70: =IF(J70="","否","是") -> 是 | AC70: =VLOOKUP(C70,[1]Sheet1!$C:$O,13,FALSE) -> #N/A | AD70: =VLOOKUP($H70,'[3]0509人员排班情况 副本'!$G:$U,12,FALSE) -> 孙可君Monica（Kejun Sun） | AE70: =VLOOKUP($H70,'[3]0509人员排班情况 副本'!$G:$U,13,FALSE) -> 马聪Cong (Cong Ma) | AF70: =VLOOKUP($H70,'[3]0509人员排班情况 副本'!$G:$U,14,FALSE) -> Minqing (Minqing Xu),罗煜雄 Mike (Yuxiong Luo) | AG70: =VLOOKUP($H70,'[3]0509人员排班情况 副本'!$G:$U,15,FALSE) -> 0
A71: 2026/05/12 | B71: Isa（Isa Alybaev） | C71: GL501646 | D71: Ground项目部 | E71: OG 美中区 | F71: CH600 | H71: =D71&E71&F71 -> Ground项目部OG 美中区CH600 | I71: Station Head （Probation）站长（见习） | J71: TY_08:30 | K71: 0.35416667 | L71: 17:00 | M71: 0.27222222 | N71: 18:14 | O71: =IFERROR(IF(ABS(M71-K71)<=1/24,"正确","不正确"),"/") -> 不正确 | P71: 0 | Q71: 11.2 | R71: 0 | S71: =Q71+R71 -> 11.2 | T71: =IF(S71-8>0,S71-8,0) -> 3.2 | U71: =IF(T71=0,"否","是") -> 是 | V71: =VLOOKUP($C71,[4]Sheet1!$B:$AN,39,FALSE) -> 24.18 | W71: 0 | X71: 2 | Y71: 4 | Z71: =IF(Y71-X71>=0,Y71-X71,0) -> 2 | AA71: =IF(J71="","否","是") -> 是 | AC71: =VLOOKUP(C71,[1]Sheet1!$C:$O,13,FALSE) -> #N/A | AD71: =VLOOKUP($H71,'[3]0509人员排班情况 副本'!$G:$U,12,FALSE) -> 王安琪 (Anqi Wang),张朱同 Thomson（Zhutong Zhang） | AE71: =VLOOKUP($H71,'[3]0509人员排班情况 副本'!$G:$U,13,FALSE) -> 陈锦昭 | AF71: =VLOOKUP($H71,'[3]0509人员排班情况 副本'!$G:$U,14,FALSE) -> 王佳昊 Jason (Jiahao Wang) | AG71: =VLOOKUP($H71,'[3]0509人员排班情况 副本'!$G:$U,15,FALSE) -> 0
A72: 2026/05/12 | B72: Isis Bonilla | C72: GL501909 | D72: TX 德州大区 | E72: GC 墨湾片区 | F72: MSY01 | H72: =D72&E72&F72 -> TX 德州大区GC 墨湾片区MSY01 | I72: Station Operations Specialist 站点运营专员 | J72: TY_休息日 | K72: 0.39583333 | L72: 18:00 | O72: 正确 | P72: 0 | Q72: 0 | R72: 0 | S72: =Q72+R72 -> 0 | T72: =IF(S72-8>0,S72-8,0) -> 0 | U72: =IF(T72=0,"否","是") -> 否 | V72: =VLOOKUP($C72,[4]Sheet1!$B:$AN,39,FALSE) -> 0 | W72: 0 | X72: 0 | Y72: 0 | Z72: =IF(Y72-X72>=0,Y72-X72,0) -> 0 | AA72: =IF(J72="","否","是") -> 是 | AC72: =VLOOKUP(C72,[1]Sheet1!$C:$O,13,FALSE) -> #N/A | AD72: =VLOOKUP($H72,'[3]0509人员排班情况 副本'!$G:$U,12,FALSE) -> 肖芦莉Lily (Luli Xiao) | AE72: =VLOOKUP($H72,'[3]0509人员排班情况 副本'!$G:$U,13,FALSE) -> 张骥Ji Zhang (Ji Zhang) | AF72: =VLOOKUP($H72,'[3]0509人员排班情况 副本'!$G:$U,14,FALSE) -> 金磊Brian（LEI JIN） | AG72: =VLOOKUP($H72,'[3]0509人员排班情况 副本'!$G:$U,15,FALSE) -> 0
A73: 2026/05/12 | B73: Ismael (Ismael Bizarretty) | C73: GL502488 | D73: FL 佛州大区 | E73: MIA.H | F73: 分拣组 | G73: HUB | H73: =D73&E73&F73 -> FL 佛州大区MIA.H分拣组 | I73: Sorting Lead 分拣组长 | J73: TY_22:30 | K73: 0.9375 | L73: 07:00 | M73: 0.97291667 | O73: =IFERROR(IF(ABS(M73-K73)<=1/24,"正确","不正确"),"/") -> 正确 | P73: 0 | Q73: 0 | R73: 0 | S73: =Q73+R73 -> 0 | T73: =IF(S73-8>0,S73-8,0) -> 0 | U73: =IF(T73=0,"否","是") -> 否 | V73: =VLOOKUP($C73,[4]Sheet1!$B:$AN,39,FALSE) -> 7.63 | W73: 4.8 | X73: 1 | Y73: 4 | Z73: =IF(Y73-X73>=0,Y73-X73,0) -> 3 | AA73: =IF(J73="","否","是") -> 是 | AC73: =VLOOKUP(C73,[1]Sheet1!$C:$O,13,FALSE) -> #N/A | AD73: =VLOOKUP($H73,'[3]0509人员排班情况 副本'!$G:$U,12,FALSE) -> Natalia (Natalia Padilla),孙婕 Jasmine（Sunjie） | AE73: =VLOOKUP($H73,'[3]0509人员排班情况 副本'!$G:$U,13,FALSE) -> 贺子强Jeff (Ziqiang He) | AF73: =VLOOKUP($H73,'[3]0509人员排班情况 副本'!$G:$U,14,FALSE) -> 张双甫(Shuangfu Zhang) | AG73: =VLOOKUP($H73,'[3]0509人员排班情况 副本'!$G:$U,15,FALSE) -> 0
A74: 2026/05/12 | B74: Ismaray (Ismaray Arencibia Garcia) | C74: GL500551 | D74: FL 佛州大区 | E74: MIA.H | F74: 操作组 | G74: HUB | H74: =D74&E74&F74 -> FL 佛州大区MIA.H操作组 | I74: Warehouse Operator 操作员 | J74: TY_20:00 | K74: 0.83333333 | L74: 04:30 | M74: 0.85902778 | O74: =IFERROR(IF(ABS(M74-K74)<=1/24,"正确","不正确"),"/") -> 正确 | P74: 0 | Q74: 0 | R74: 0 | S74: =Q74+R74 -> 0 | T74: =IF(S74-8>0,S74-8,0) -> 0 | U74: =IF(T74=0,"否","是") -> 否 | V74: =VLOOKUP($C74,[4]Sheet1!$B:$AN,39,FALSE) -> 5 | W74: 0 | X74: 1 | Y74: 4 | Z74: =IF(Y74-X74>=0,Y74-X74,0) -> 3 | AA74: =IF(J74="","否","是") -> 是 | AC74: =VLOOKUP(C74,[1]Sheet1!$C:$O,13,FALSE) -> #N/A | AD74: =VLOOKUP($H74,'[3]0509人员排班情况 副本'!$G:$U,12,FALSE) -> Natalia (Natalia Padilla),孙婕 Jasmine（Sunjie） | AE74: =VLOOKUP($H74,'[3]0509人员排班情况 副本'!$G:$U,13,FALSE) -> 贺子强Jeff (Ziqiang He) | AF74: =VLOOKUP($H74,'[3]0509人员排班情况 副本'!$G:$U,14,FALSE) -> Minqing (Minqing Xu),罗煜雄 Mike (Yuxiong Luo) | AG74: =VLOOKUP($H74,'[3]0509人员排班情况 副本'!$G:$U,15,FALSE) -> 0
A75: 2026/05/12 | B75: Isnaika (Isnaika elissa Pierre) | C75: GL501000 | D75: FL 佛州大区 | E75: MCO.H | F75: 分拣组 | G75: HUB | H75: =D75&E75&F75 -> FL 佛州大区MCO.H分拣组 | I75: Sorter 分拣员 | J75: TY_休息日 | K75: 0.39583333 | L75: 18:00 | O75: 正确 | P75: 0 | Q75: 0 | R75: 0 | S75: =Q75+R75 -> 0 | T75: =IF(S75-8>0,S75-8,0) -> 0 | U75: =IF(T75=0,"否","是") -> 否 | V75: =VLOOKUP($C75,[4]Sheet1!$B:$AN,39,FALSE) -> 0 | W75: 0 | X75: 0 | Y75: 0 | Z75: =IF(Y75-X75>=0,Y75-X75,0) -> 0 | AA75: =IF(J75="","否","是") -> 是 | AC75: =VLOOKUP(C75,[1]Sheet1!$C:$O,13,FALSE) -> #N/A | AD75: =VLOOKUP($H75,'[3]0509人员排班情况 副本'!$G:$U,12,FALSE) -> Natalia (Natalia Padilla),孙婕 Jasmine（Sunjie） | AE75: =VLOOKUP($H75,'[3]0509人员排班情况 副本'!$G:$U,13,FALSE) -> 贺子强Jeff (Ziqiang He) | AF75: =VLOOKUP($H75,'[3]0509人员排班情况 副本'!$G:$U,14,FALSE) -> 张双甫(Shuangfu Zhang) | AG75: =VLOOKUP($H75,'[3]0509人员排班情况 副本'!$G:$U,15,FALSE) -> 0
A76: 2026/05/12 | B76: Itzel Azucena Lopez Banuelos | C76: GL502840 | D76: WE 美西大区 | E76: CNO.H | F76: 分拣组 | G76: HUB | H76: =D76&E76&F76 -> WE 美西大区CNO.H分拣组 | I76: Sorter 分拣员 | J76: TY_17:00 | K76: 0.70833333 | L76: 01:30 | M76: 0.66597222 | O76: =IFERROR(IF(ABS(M76-K76)<=1/24,"正确","不正确"),"/") -> 不正确 | P76: 0 | Q76: 0 | R76: 0 | S76: =Q76+R76 -> 0 | T76: =IF(S76-8>0,S76-8,0) -> 0 | U76: =IF(T76=0,"否","是") -> 否 | V76: =VLOOKUP($C76,[4]Sheet1!$B:$AN,39,FALSE) -> 10.55 | W76: 0 | X76: 3 | Y76: 4 | Z76: =IF(Y76-X76>=0,Y76-X76,0) -> 1 | AA76: =IF(J76="","否","是") -> 是 | AC76: =VLOOKUP(C76,[1]Sheet1!$C:$O,13,FALSE) -> #N/A | AD76: =VLOOKUP($H76,'[3]0509人员排班情况 副本'!$G:$U,12,FALSE) -> 王骞Ariel（Qian Wang）,叶秀芳Freya (Xiufang Ye) | AE76: =VLOOKUP($H76,'[3]0509人员排班情况 副本'!$G:$U,13,FALSE) -> 常哲 | AF76: =VLOOKUP($H76,'[3]0509人员排班情况 副本'!$G:$U,14,FALSE) -> 张双甫(Shuangfu Zhang) | AG76: =VLOOKUP($H76,'[3]0509人员排班情况 副本'!$G:$U,15,FALSE) -> 0
A77: 2026/05/12 | B77: Jareier Eduardo Lopez | C77: GL501761 | D77: WE 美西大区 | E77: LAV.H | F77: 操作组 | G77: HUB | H77: =D77&E77&F77 -> WE 美西大区LAV.H操作组 | I77: Warehouse Operator 操作员 | J77: TY_05:00 | K77: 0.20833333 | L77: 13:30 | M77: 0.20208333 | N77: 16:23 | O77: =IFERROR(IF(ABS(M77-K77)<=1/24,"正确","不正确"),"/") -> 正确 | P77: 0 | Q77: 11.03 | R77: 0 | S77: =Q77+R77 -> 11.03 | T77: =IF(S77-8>0,S77-8,0) -> 3.03 | U77: =IF(T77=0,"否","是") -> 是 | V77: =VLOOKUP($C77,[4]Sheet1!$B:$AN,39,FALSE) -> 11.03 | W77: 0 | X77: 4 | Y77: 4 | Z77: =IF(Y77-X77>=0,Y77-X77,0) -> 0 | AA77: =IF(J77="","否","是") -> 是 | AC77: =VLOOKUP(C77,[1]Sheet1!$C:$O,13,FALSE) -> #N/A | AD77: =VLOOKUP($H77,'[3]0509人员排班情况 副本'!$G:$U,12,FALSE) -> 王骞Ariel（Qian Wang）,叶秀芳Freya (Xiufang Ye) | AE77: =VLOOKUP($H77,'[3]0509人员排班情况 副本'!$G:$U,13,FALSE) -> 常哲 | AF77: =VLOOKUP($H77,'[3]0509人员排班情况 副本'!$G:$U,14,FALSE) -> Minqing (Minqing Xu),罗煜雄 Mike (Yuxiong Luo) | AG77: =VLOOKUP($H77,'[3]0509人员排班情况 副本'!$G:$U,15,FALSE) -> 0
A78: 2026/05/12 | B78: Jarmila (Jarmila Romero) | C78: GL501250 | D78: FL 佛州大区 | E78: MCO.H | F78: 分拣组 | G78: HUB | H78: =D78&E78&F78 -> FL 佛州大区MCO.H分拣组 | I78: Sorter 分拣员 | J78: TY_09:00 | K78: 0.375 | L78: 17:30 | M78: 0.37361111 | N78: 17:38 | O78: =IFERROR(IF(ABS(M78-K78)<=1/24,"正确","不正确"),"/") -> 正确 | P78: 0 | Q78: 8.17 | R78: 0 | S78: =Q78+R78 -> 8.17 | T78: =IF(S78-8>0,S78-8,0) -> 0.17 | U78: =IF(T78=0,"否","是") -> 是 | V78: =VLOOKUP($C78,[4]Sheet1!$B:$AN,39,FALSE) -> 16.25 | W78: 0 | X78: 4 | Y78: 4 | Z78: =IF(Y78-X78>=0,Y78-X78,0) -> 0 | AA78: =IF(J78="","否","是") -> 是 | AC78: =VLOOKUP(C78,[1]Sheet1!$C:$O,13,FALSE) -> #N/A | AD78: =VLOOKUP($H78,'[3]0509人员排班情况 副本'!$G:$U,12,FALSE) -> Natalia (Natalia Padilla),孙婕 Jasmine（Sunjie） | AE78: =VLOOKUP($H78,'[3]0509人员排班情况 副本'!$G:$U,13,FALSE) -> 贺子强Jeff (Ziqiang He) | AF78: =VLOOKUP($H78,'[3]0509人员排班情况 副本'!$G:$U,14,FALSE) -> 张双甫(Shuangfu Zhang) | AG78: =VLOOKUP($H78,'[3]0509人员排班情况 副本'!$G:$U,15,FALSE) -> 0
A79: 2026/05/12 | B79: Jasmine Dong（Jasmine Dong） | C79: GL500262 | D79: WE 美西大区 | E79: 运营支持部 | F79: 区域支持组 | H79: =D79&E79&F79 -> WE 美西大区运营支持部区域支持组 | I79: Regional Support Specialist 区域支持专员 | J79: TY_09:30 | K79: 0.39583333 | L79: 18:00 | O79: =IFERROR(IF(ABS(M79-K79)<=1/24,"正确","不正确"),"/") -> 不正确 | P79: 0 | Q79: 0 | R79: 0 | S79: =Q79+R79 -> 0 | T79: =IF(S79-8>0,S79-8,0) -> 0 | U79: =IF(T79=0,"否","是") -> 否 | V79: =VLOOKUP($C79,[4]Sheet1!$B:$AN,39,FALSE) -> 0 | W79: 0 | X79: 0 | Y79: 0 | Z79: =IF(Y79-X79>=0,Y79-X79,0) -> 0 | AA79: =IF(J79="","否","是") -> 是 | AB79: 出差申请2026/05/12 09:30-2026/05/12 18:00[已完成] | AC79: =VLOOKUP(C79,[1]Sheet1!$C:$O,13,FALSE) -> #N/A | AD79: =VLOOKUP($H79,'[3]0509人员排班情况 副本'!$G:$U,12,FALSE) -> 王骞Ariel（Qian Wang）,叶秀芳Freya (Xiufang Ye) | AE79: =VLOOKUP($H79,'[3]0509人员排班情况 副本'!$G:$U,13,FALSE) -> 常哲 | AF79: =VLOOKUP($H79,'[3]0509人员排班情况 副本'!$G:$U,14,FALSE) -> 0 | AG79: =VLOOKUP($H79,'[3]0509人员排班情况 副本'!$G:$U,15,FALSE) -> 0
A80: 2026/05/12 | B80: Jeffrey（Jeffrey Demarrio Dennis） | C80: GL502218 | D80: Ground项目部 | E80: OG 美南区 | F80: ATL.G | H80: =D80&E80&F80 -> Ground项目部OG 美南区ATL.G | I80: Sorter 分拣员 | J80: TY_05:00 | K80: 0.20833333 | L80: 13:30 | M80: 0.20486111 | N80: 13:42 | O80: =IFERROR(IF(ABS(M80-K80)<=1/24,"正确","不正确"),"/") -> 正确 | P80: 0 | Q80: 8.28 | R80: 0 | S80: =Q80+R80 -> 8.28 | T80: =IF(S80-8>0,S80-8,0) -> 0.28 | U80: =IF(T80=0,"否","是") -> 是 | V80: =VLOOKUP($C80,[4]Sheet1!$B:$AN,39,FALSE) -> 16.31 | W80: 16.29 | X80: 4 | Y80: 4 | Z80: =IF(Y80-X80>=0,Y80-X80,0) -> 0 | AA80: =IF(J80="","否","是") -> 是 | AC80: =VLOOKUP(C80,[1]Sheet1!$C:$O,13,FALSE) -> #N/A | AD80: =VLOOKUP($H80,'[3]0509人员排班情况 副本'!$G:$U,12,FALSE) -> 王安琪 (Anqi Wang),张朱同 Thomson（Zhutong Zhang） | AE80: =VLOOKUP($H80,'[3]0509人员排班情况 副本'!$G:$U,13,FALSE) -> 陈锦昭 | AF80: =VLOOKUP($H80,'[3]0509人员排班情况 副本'!$G:$U,14,FALSE) -> 金筱燕Sharon（Xiaoyan Jin） | AG80: =VLOOKUP($H80,'[3]0509人员排班情况 副本'!$G:$U,15,FALSE) -> 0
A81: 2026/05/12 | B81: Jenny Paola Gutierrez | C81: GL501966 | D81: NE 东北大区 | E81: EWR.H | F81: 分拣组 | G81: HUB | H81: =D81&E81&F81 -> NE 东北大区EWR.H分拣组 | I81: Sorter 分拣员 | J81: TY_12:00 | K81: 0.5 | L81: 20:30 | O81: =IFERROR(IF(ABS(M81-K81)<=1/24,"正确","不正确"),"/") -> 不正确 | P81: 0 | Q81: 0 | R81: 0 | S81: =Q81+R81 -> 0 | T81: =IF(S81-8>0,S81-8,0) -> 0 | U81: =IF(T81=0,"否","是") -> 否 | V81: =VLOOKUP($C81,[4]Sheet1!$B:$AN,39,FALSE) -> 0 | W81: 0 | X81: 0 | Y81: 4 | Z81: =IF(Y81-X81>=0,Y81-X81,0) -> 4 | AA81: =IF(J81="","否","是") -> 是 | AC81: =VLOOKUP(C81,[1]Sheet1!$C:$O,13,FALSE) -> #N/A | AD81: =VLOOKUP($H81,'[3]0509人员排班情况 副本'!$G:$U,12,FALSE) -> 孙可君Monica（Kejun Sun） | AE81: =VLOOKUP($H81,'[3]0509人员排班情况 副本'!$G:$U,13,FALSE) -> 马聪Cong (Cong Ma) | AF81: =VLOOKUP($H81,'[3]0509人员排班情况 副本'!$G:$U,14,FALSE) -> 张双甫(Shuangfu Zhang) | AG81: =VLOOKUP($H81,'[3]0509人员排班情况 副本'!$G:$U,15,FALSE) -> 0
A82: 2026/05/12 | B82: Jerry Liang You（Jerry） | C82: GL502514 | D82: GL 大湖大区 | E82: CM 中西部中心片区 | F82: CMH01 | H82: =D82&E82&F82 -> GL 大湖大区CM 中西部中心片区CMH01 | I82: Station Operations Specialist 站点运营专员 | J82: TY_05:30 | K82: 0.22916667 | L82: 14:00 | O82: =IFERROR(IF(ABS(M82-K82)<=1/24,"正确","不正确"),"/") -> 不正确 | P82: 0 | Q82: 0 | R82: 0 | S82: =Q82+R82 -> 0 | T82: =IF(S82-8>0,S82-8,0) -> 0 | U82: =IF(T82=0,"否","是") -> 否 | V82: =VLOOKUP($C82,[4]Sheet1!$B:$AN,39,FALSE) -> 7.98 | W82: 0 | X82: 0 | Y82: 4 | Z82: =IF(Y82-X82>=0,Y82-X82,0) -> 4 | AA82: =IF(J82="","否","是") -> 是 | AC82: =VLOOKUP(C82,[1]Sheet1!$C:$O,13,FALSE) -> #N/A | AD82: =VLOOKUP($H82,'[3]0509人员排班情况 副本'!$G:$U,12,FALSE) -> 王晓丹 Jasmine（Xiaodan Wang）,周延舒Isabel（Yanshu Zhou） | AE82: =VLOOKUP($H82,'[3]0509人员排班情况 副本'!$G:$U,13,FALSE) -> 张骥Ji Zhang (Ji Zhang) | AF82: =VLOOKUP($H82,'[3]0509人员排班情况 副本'!$G:$U,14,FALSE) -> 欧阳溢巍 Nathan (Yiwei Ouyang),尚青蓓 Suki （Qingbei Shang） | AG82: =VLOOKUP($H82,'[3]0509人员排班情况 副本'!$G:$U,15,FALSE) -> 0
A83: 2026/05/12 | B83: Jerry(Shun Yang) | C83: GL500462 | D83: MS 中南大区 | E83: ATL.H | F83: 操作组 | G83: HUB | H83: =D83&E83&F83 -> MS 中南大区ATL.H操作组 | I83: Warehouse Lead 操作组长 | J83: TY_10:00 | K83: 0.41666667 | L83: 18:30 | M83: 0.41111111 | N83: 19:54 | O83: =IFERROR(IF(ABS(M83-K83)<=1/24,"正确","不正确"),"/") -> 正确 | P83: 0 | Q83: 9.53 | R83: 0 | S83: =Q83+R83 -> 9.53 | T83: =IF(S83-8>0,S83-8,0) -> 1.53 | U83: =IF(T83=0,"否","是") -> 是 | V83: =VLOOKUP($C83,[4]Sheet1!$B:$AN,39,FALSE) -> 17.86 | W83: 16.34 | X83: 4 | Y83: 4 | Z83: =IF(Y83-X83>=0,Y83-X83,0) -> 0 | AA83: =IF(J83="","否","是") -> 是 | AC83: =VLOOKUP(C83,[1]Sheet1!$C:$O,13,FALSE) -> #N/A | AD83: =VLOOKUP($H83,'[3]0509人员排班情况 副本'!$G:$U,12,FALSE) -> 欧阳迎春Flower（Yingchun Ouyang） | AE83: =VLOOKUP($H83,'[3]0509人员排班情况 副本'!$G:$U,13,FALSE) -> 杨云飞 | AF83: =VLOOKUP($H83,'[3]0509人员排班情况 副本'!$G:$U,14,FALSE) -> Minqing (Minqing Xu),罗煜雄 Mike (Yuxiong Luo),明杰麟Jennie (Jielin Ming) | AG83: =VLOOKUP($H83,'[3]0509人员排班情况 副本'!$G:$U,15,FALSE) -> 文艳平
A84: 2026/05/12 | B84: Jhosmeity (Jhosmeity Lopez) | C84: GL501249 | D84: FL 佛州大区 | E84: MCO.H | F84: 分拣组 | G84: HUB | H84: =D84&E84&F84 -> FL 佛州大区MCO.H分拣组 | I84: Sorter 分拣员 | J84: TY_09:00 | K84: 0.375 | L84: 17:30 | M84: 0.375 | N84: 22:08 | O84: =IFERROR(IF(ABS(M84-K84)<=1/24,"正确","不正确"),"/") -> 正确 | P84: 0 | Q84: 12.63 | R84: 0 | S84: =Q84+R84 -> 12.63 | T84: =IF(S84-8>0,S84-8,0) -> 4.63 | U84: =IF(T84=0,"否","是") -> 是 | V84: =VLOOKUP($C84,[4]Sheet1!$B:$AN,39,FALSE) -> 12.63 | W84: 0 | X84: 4 | Y84: 4 | Z84: =IF(Y84-X84>=0,Y84-X84,0) -> 0 | AA84: =IF(J84="","否","是") -> 是 | AC84: =VLOOKUP(C84,[1]Sheet1!$C:$O,13,FALSE) -> #N/A | AD84: =VLOOKUP($H84,'[3]0509人员排班情况 副本'!$G:$U,12,FALSE) -> Natalia (Natalia Padilla),孙婕 Jasmine（Sunjie） | AE84: =VLOOKUP($H84,'[3]0509人员排班情况 副本'!$G:$U,13,FALSE) -> 贺子强Jeff (Ziqiang He) | AF84: =VLOOKUP($H84,'[3]0509人员排班情况 副本'!$G:$U,14,FALSE) -> 张双甫(Shuangfu Zhang) | AG84: =VLOOKUP($H84,'[3]0509人员排班情况 副本'!$G:$U,15,FALSE) -> 0
A85: 2026/05/12 | B85: Johnathan Edward Ladson Jr（Johnathan Edward Ladson | C85: GL501103 | D85: WE 美西大区 | E85: CNO.H | F85: 操作组 | G85: HUB | H85: =D85&E85&F85 -> WE 美西大区CNO.H操作组 | I85: Warehouse Operator 操作员 | J85: TY_08:00 | K85: 0.33333333 | L85: 16:30 | M85: 0.32430556 | N85: 15:36 | O85: =IFERROR(IF(ABS(M85-K85)<=1/24,"正确","不正确"),"/") -> 正确 | P85: 0 | Q85: 7.32 | R85: 0 | S85: =Q85+R85 -> 7.32 | T85: =IF(S85-8>0,S85-8,0) -> 0 | U85: =IF(T85=0,"否","是") -> 否 | V85: =VLOOKUP($C85,[4]Sheet1!$B:$AN,39,FALSE) -> 14.95 | W85: 0 | X85: 4 | Y85: 4 | Z85: =IF(Y85-X85>=0,Y85-X85,0) -> 0 | AA85: =IF(J85="","否","是") -> 是 | AC85: =VLOOKUP(C85,[1]Sheet1!$C:$O,13,FALSE) -> #N/A | AD85: =VLOOKUP($H85,'[3]0509人员排班情况 副本'!$G:$U,12,FALSE) -> 王骞Ariel（Qian Wang）,叶秀芳Freya (Xiufang Ye) | AE85: =VLOOKUP($H85,'[3]0509人员排班情况 副本'!$G:$U,13,FALSE) -> 常哲 | AF85: =VLOOKUP($H85,'[3]0509人员排班情况 副本'!$G:$U,14,FALSE) -> Minqing (Minqing Xu),罗煜雄 Mike (Yuxiong Luo) | AG85: =VLOOKUP($H85,'[3]0509人员排班情况 副本'!$G:$U,15,FALSE) -> 0
A86: 2026/05/12 | B86: Jose (Jose Ochoa) | C86: GL500997 | D86: FL 佛州大区 | E86: MIA.H | F86: 操作组 | G86: HUB | H86: =D86&E86&F86 -> FL 佛州大区MIA.H操作组 | I86: Warehouse Operator 操作员 | J86: TY_07:00 | K86: 0.29166667 | L86: 15:30 | M86: 0.29791667 | N86: 15:58 | O86: =IFERROR(IF(ABS(M86-K86)<=1/24,"正确","不正确"),"/") -> 正确 | P86: 0 | Q86: 8.32 | R86: 0 | S86: =Q86+R86 -> 8.32 | T86: =IF(S86-8>0,S86-8,0) -> 0.32 | U86: =IF(T86=0,"否","是") -> 是 | V86: =VLOOKUP($C86,[4]Sheet1!$B:$AN,39,FALSE) -> 8.32 | W86: 0 | X86: 4 | Y86: 4 | Z86: =IF(Y86-X86>=0,Y86-X86,0) -> 0 | AA86: =IF(J86="","否","是") -> 是 | AC86: =VLOOKUP(C86,[1]Sheet1!$C:$O,13,FALSE) -> #N/A | AD86: =VLOOKUP($H86,'[3]0509人员排班情况 副本'!$G:$U,12,FALSE) -> Natalia (Natalia Padilla),孙婕 Jasmine（Sunjie） | AE86: =VLOOKUP($H86,'[3]0509人员排班情况 副本'!$G:$U,13,FALSE) -> 贺子强Jeff (Ziqiang He) | AF86: =VLOOKUP($H86,'[3]0509人员排班情况 副本'!$G:$U,14,FALSE) -> Minqing (Minqing Xu),罗煜雄 Mike (Yuxiong Luo) | AG86: =VLOOKUP($H86,'[3]0509人员排班情况 副本'!$G:$U,15,FALSE) -> 0
A87: 2026/05/12 | B87: Jose G Esquivias Terraza | C87: GL501916 | D87: WE 美西大区 | E87: CNO.H | F87: 操作组 | G87: HUB | H87: =D87&E87&F87 -> WE 美西大区CNO.H操作组 | I87: Warehouse Operator 操作员 | J87: TY_17:00 | K87: 0.70833333 | L87: 01:30 | O87: =IFERROR(IF(ABS(M87-K87)<=1/24,"正确","不正确"),"/") -> 不正确 | P87: 0 | Q87: 0 | R87: 0 | S87: =Q87+R87 -> 0 | T87: =IF(S87-8>0,S87-8,0) -> 0 | U87: =IF(T87=0,"否","是") -> 否 | V87: =VLOOKUP($C87,[4]Sheet1!$B:$AN,39,FALSE) -> 8.12 | W87: 0 | X87: 2 | Y87: 4 | Z87: =IF(Y87-X87>=0,Y87-X87,0) -> 2 | AA87: =IF(J87="","否","是") -> 是 | AC87: =VLOOKUP(C87,[1]Sheet1!$C:$O,13,FALSE) -> #N/A | AD87: =VLOOKUP($H87,'[3]0509人员排班情况 副本'!$G:$U,12,FALSE) -> 王骞Ariel（Qian Wang）,叶秀芳Freya (Xiufang Ye) | AE87: =VLOOKUP($H87,'[3]0509人员排班情况 副本'!$G:$U,13,FALSE) -> 常哲 | AF87: =VLOOKUP($H87,'[3]0509人员排班情况 副本'!$G:$U,14,FALSE) -> Minqing (Minqing Xu),罗煜雄 Mike (Yuxiong Luo) | AG87: =VLOOKUP($H87,'[3]0509人员排班情况 副本'!$G:$U,15,FALSE) -> 0
A88: 2026/05/12 | B88: Juan (Juan Mendez) | C88: GL500080 | D88: FL 佛州大区 | E88: MIA.H | F88: 操作组 | G88: HUB | H88: =D88&E88&F88 -> FL 佛州大区MIA.H操作组 | I88: Warehouse Operator 操作员 | J88: TY_休息日 | K88: 0.39583333 | L88: 18:00 | O88: 正确 | P88: 0 | Q88: 0 | R88: 0 | S88: =Q88+R88 -> 0 | T88: =IF(S88-8>0,S88-8,0) -> 0 | U88: =IF(T88=0,"否","是") -> 否 | V88: =VLOOKUP($C88,[4]Sheet1!$B:$AN,39,FALSE) -> 8.85 | W88: 0 | X88: 0 | Y88: 0 | Z88: =IF(Y88-X88>=0,Y88-X88,0) -> 0 | AA88: =IF(J88="","否","是") -> 是 | AC88: =VLOOKUP(C88,[1]Sheet1!$C:$O,13,FALSE) -> #N/A | AD88: =VLOOKUP($H88,'[3]0509人员排班情况 副本'!$G:$U,12,FALSE) -> Natalia (Natalia Padilla),孙婕 Jasmine（Sunjie） | AE88: =VLOOKUP($H88,'[3]0509人员排班情况 副本'!$G:$U,13,FALSE) -> 贺子强Jeff (Ziqiang He) | AF88: =VLOOKUP($H88,'[3]0509人员排班情况 副本'!$G:$U,14,FALSE) -> Minqing (Minqing Xu),罗煜雄 Mike (Yuxiong Luo) | AG88: =VLOOKUP($H88,'[3]0509人员排班情况 副本'!$G:$U,15,FALSE) -> 0
A89: 2026/05/12 | B89: Juan (Juan Velazquez) | C89: GL502368 | D89: FL 佛州大区 | E89: MIA.H | F89: 调度组 | G89: HUB | H89: =D89&E89&F89 -> FL 佛州大区MIA.H调度组 | I89: Dispatcher 调度员 | J89: TY_休息日 | K89: 0.39583333 | L89: 18:00 | N89: 19:49 | O89: =IFERROR(IF(ABS(M89-K89)<=1/24,"正确","不正确"),"/") -> 不正确 | P89: 0 | Q89: 0 | R89: 0 | S89: =Q89+R89 -> 0 | T89: =IF(S89-8>0,S89-8,0) -> 0 | U89: =IF(T89=0,"否","是") -> 否 | V89: =VLOOKUP($C89,[4]Sheet1!$B:$AN,39,FALSE) -> 0 | W89: 0 | X89: 1 | Y89: 0 | Z89: =IF(Y89-X89>=0,Y89-X89,0) -> 0 | AA89: =IF(J89="","否","是") -> 是 | AC89: =VLOOKUP(C89,[1]Sheet1!$C:$O,13,FALSE) -> #N/A | AD89: =VLOOKUP($H89,'[3]0509人员排班情况 副本'!$G:$U,12,FALSE) -> Natalia (Natalia Padilla),孙婕 Jasmine（Sunjie） | AE89: =VLOOKUP($H89,'[3]0509人员排班情况 副本'!$G:$U,13,FALSE) -> 贺子强Jeff (Ziqiang He) | AF89: =VLOOKUP($H89,'[3]0509人员排班情况 副本'!$G:$U,14,FALSE) -> Minqing (Minqing Xu),罗煜雄 Mike (Yuxiong Luo) | AG89: =VLOOKUP($H89,'[3]0509人员排班情况 副本'!$G:$U,15,FALSE) -> 0
A90: 2026/05/12 | B90: Juan Carlos Jr Vargas（Juan Carlos Jr Vargas） | C90: GL500498 | D90: WE 美西大区 | E90: LAV.H | F90: 操作组 | G90: HUB | H90: =D90&E90&F90 -> WE 美西大区LAV.H操作组 | I90: Warehouse Operator 操作员 | J90: TY_05:00 | K90: 0.20833333 | L90: 13:30 | M90: 0.20625 | N90: 16:15 | O90: =IFERROR(IF(ABS(M90-K90)<=1/24,"正确","不正确"),"/") -> 正确 | P90: 0 | Q90: 10.8 | R90: 0 | S90: =Q90+R90 -> 10.8 | T90: =IF(S90-8>0,S90-8,0) -> 2.8 | U90: =IF(T90=0,"否","是") -> 是 | V90: =VLOOKUP($C90,[4]Sheet1!$B:$AN,39,FALSE) -> 21.75 | W90: 0 | X90: 4 | Y90: 4 | Z90: =IF(Y90-X90>=0,Y90-X90,0) -> 0 | AA90: =IF(J90="","否","是") -> 是 | AC90: =VLOOKUP(C90,[1]Sheet1!$C:$O,13,FALSE) -> #N/A | AD90: =VLOOKUP($H90,'[3]0509人员排班情况 副本'!$G:$U,12,FALSE) -> 王骞Ariel（Qian Wang）,叶秀芳Freya (Xiufang Ye) | AE90: =VLOOKUP($H90,'[3]0509人员排班情况 副本'!$G:$U,13,FALSE) -> 常哲 | AF90: =VLOOKUP($H90,'[3]0509人员排班情况 副本'!$G:$U,14,FALSE) -> Minqing (Minqing Xu),罗煜雄 Mike (Yuxiong Luo) | AG90: =VLOOKUP($H90,'[3]0509人员排班情况 副本'!$G:$U,15,FALSE) -> 0
A91: 2026/05/12 | B91: Julio (Julio Almanzar) | C91: GL501929 | D91: NE 东北大区 | E91: EWR.H | F91: 操作组 | G91: HUB | H91: =D91&E91&F91 -> NE 东北大区EWR.H操作组 | I91: Warehouse Operator 操作员 | J91: TY_04:00 | K91: 0.16666667 | L91: 12:30 | M91: 0.15625 | N91: 12:30 | O91: =IFERROR(IF(ABS(M91-K91)<=1/24,"正确","不正确"),"/") -> 正确 | P91: 0 | Q91: 8.25 | R91: 0 | S91: =Q91+R91 -> 8.25 | T91: =IF(S91-8>0,S91-8,0) -> 0.25 | U91: =IF(T91=0,"否","是") -> 是 | V91: =VLOOKUP($C91,[4]Sheet1!$B:$AN,39,FALSE) -> 8.25 | W91: 9.2 | X91: 4 | Y91: 4 | Z91: =IF(Y91-X91>=0,Y91-X91,0) -> 0 | AA91: =IF(J91="","否","是") -> 是 | AC91: =VLOOKUP(C91,[1]Sheet1!$C:$O,13,FALSE) -> #N/A | AD91: =VLOOKUP($H91,'[3]0509人员排班情况 副本'!$G:$U,12,FALSE) -> 孙可君Monica（Kejun Sun） | AE91: =VLOOKUP($H91,'[3]0509人员排班情况 副本'!$G:$U,13,FALSE) -> 马聪Cong (Cong Ma) | AF91: =VLOOKUP($H91,'[3]0509人员排班情况 副本'!$G:$U,14,FALSE) -> Minqing (Minqing Xu),罗煜雄 Mike (Yuxiong Luo) | AG91: =VLOOKUP($H91,'[3]0509人员排班情况 副本'!$G:$U,15,FALSE) -> 0
A92: 2026/05/12 | B92: Justin (Justin Quesada) | C92: GL502486 | D92: FL 佛州大区 | E92: MIA.H | F92: 调度组 | G92: HUB | H92: =D92&E92&F92 -> FL 佛州大区MIA.H调度组 | I92: Dispatcher 调度员 | J92: TY_20:00 | K92: 0.83333333 | L92: 04:30 | O92: =IFERROR(IF(ABS(M92-K92)<=1/24,"正确","不正确"),"/") -> 不正确 | P92: 0 | Q92: 0 | R92: 0 | S92: =Q92+R92 -> 0 | T92: =IF(S92-8>0,S92-8,0) -> 0 | U92: =IF(T92=0,"否","是") -> 否 | V92: =VLOOKUP($C92,[4]Sheet1!$B:$AN,39,FALSE) -> 0 | W92: 0 | X92: 0 | Y92: 4 | Z92: =IF(Y92-X92>=0,Y92-X92,0) -> 4 | AA92: =IF(J92="","否","是") -> 是 | AC92: =VLOOKUP(C92,[1]Sheet1!$C:$O,13,FALSE) -> #N/A | AD92: =VLOOKUP($H92,'[3]0509人员排班情况 副本'!$G:$U,12,FALSE) -> Natalia (Natalia Padilla),孙婕 Jasmine（Sunjie） | AE92: =VLOOKUP($H92,'[3]0509人员排班情况 副本'!$G:$U,13,FALSE) -> 贺子强Jeff (Ziqiang He) | AF92: =VLOOKUP($H92,'[3]0509人员排班情况 副本'!$G:$U,14,FALSE) -> Minqing (Minqing Xu),罗煜雄 Mike (Yuxiong Luo) | AG92: =VLOOKUP($H92,'[3]0509人员排班情况 副本'!$G:$U,15,FALSE) -> 0
A93: 2026/05/12 | B93: Kelvin Siu（Kelvin Siu） | C93: GL500226 | D93: WE 美西大区 | E93: SC 南加片区 | F93: SFV01 | H93: =D93&E93&F93 -> WE 美西大区SC 南加片区SFV01 | I93: Warehouse Operator 操作员 | J93: TY_04:00 | K93: 0.16666667 | L93: 12:30 | O93: =IFERROR(IF(ABS(M93-K93)<=1/24,"正确","不正确"),"/") -> 不正确 | P93: 0 | Q93: 0 | R93: 0 | S93: =Q93+R93 -> 0 | T93: =IF(S93-8>0,S93-8,0) -> 0 | U93: =IF(T93=0,"否","是") -> 否 | V93: =VLOOKUP($C93,[4]Sheet1!$B:$AN,39,FALSE) -> 0 | W93: 0 | X93: 0 | Y93: 4 | Z93: =IF(Y93-X93>=0,Y93-X93,0) -> 4 | AA93: =IF(J93="","否","是") -> 是 | AC93: =VLOOKUP(C93,[1]Sheet1!$C:$O,13,FALSE) -> #N/A | AD93: =VLOOKUP($H93,'[3]0509人员排班情况 副本'!$G:$U,12,FALSE) -> 王骞Ariel（Qian Wang）,叶秀芳Freya (Xiufang Ye) | AE93: =VLOOKUP($H93,'[3]0509人员排班情况 副本'!$G:$U,13,FALSE) -> 常哲 | AF93: =VLOOKUP($H93,'[3]0509人员排班情况 副本'!$G:$U,14,FALSE) -> 尤梦楠Yuko（Mengnan You） | AG93: =VLOOKUP($H93,'[3]0509人员排班情况 副本'!$G:$U,15,FALSE) -> 0
A94: 2026/05/12 | B94: Kevin (Kevin Jimenez) | C94: GL501547 | D94: FL 佛州大区 | E94: MIA.H | F94: 二程管理组 | G94: HUB | H94: =D94&E94&F94 -> FL 佛州大区MIA.H二程管理组 | I94: Second-leg air freight Specialist 二程发货员 | J94: TY_08:00 | K94: 0.33333333 | L94: 16:30 | M94: 0.32986111 | N94: 17:31 | O94: =IFERROR(IF(ABS(M94-K94)<=1/24,"正确","不正确"),"/") -> 正确 | P94: 0 | Q94: 9.1 | R94: 0 | S94: =Q94+R94 -> 9.1 | T94: =IF(S94-8>0,S94-8,0) -> 1.1 | U94: =IF(T94=0,"否","是") -> 是 | V94: =VLOOKUP($C94,[4]Sheet1!$B:$AN,39,FALSE) -> 17.97 | W94: 0 | X94: 4 | Y94: 4 | Z94: =IF(Y94-X94>=0,Y94-X94,0) -> 0 | AA94: =IF(J94="","否","是") -> 是 | AC94: =VLOOKUP(C94,[1]Sheet1!$C:$O,13,FALSE) -> #N/A | AD94: =VLOOKUP($H94,'[3]0509人员排班情况 副本'!$G:$U,12,FALSE) -> Natalia (Natalia Padilla),孙婕 Jasmine（Sunjie） | AE94: =VLOOKUP($H94,'[3]0509人员排班情况 副本'!$G:$U,13,FALSE) -> 贺子强Jeff (Ziqiang He) | AF94: =VLOOKUP($H94,'[3]0509人员排班情况 副本'!$G:$U,14,FALSE) -> Minqing (Minqing Xu),罗煜雄 Mike (Yuxiong Luo) | AG94: =VLOOKUP($H94,'[3]0509人员排班情况 副本'!$G:$U,15,FALSE) -> 0
A95: 2026/05/12 | B95: Kiaramarie Munoz | C95: GL502015 | D95: TX 德州大区 | E95: CT 中德州片区 | F95: ACT01 | H95: =D95&E95&F95 -> TX 德州大区CT 中德州片区ACT01 | I95: Station Operations Specialist 站点运营专员 | J95: TY_05:30 | K95: 0.22916667 | L95: 14:00 | O95: =IFERROR(IF(ABS(M95-K95)<=1/24,"正确","不正确"),"/") -> 不正确 | P95: 0 | Q95: 0 | R95: 0 | S95: =Q95+R95 -> 0 | T95: =IF(S95-8>0,S95-8,0) -> 0 | U95: =IF(T95=0,"否","是") -> 否 | V95: =VLOOKUP($C95,[4]Sheet1!$B:$AN,39,FALSE) -> 0 | W95: 0 | X95: 0 | Y95: 4 | Z95: =IF(Y95-X95>=0,Y95-X95,0) -> 4 | AA95: =IF(J95="","否","是") -> 是 | AC95: =VLOOKUP(C95,[1]Sheet1!$C:$O,13,FALSE) -> #N/A | AD95: =VLOOKUP($H95,'[3]0509人员排班情况 副本'!$G:$U,12,FALSE) -> 肖芦莉Lily (Luli Xiao) | AE95: =VLOOKUP($H95,'[3]0509人员排班情况 副本'!$G:$U,13,FALSE) -> 张骥Ji Zhang (Ji Zhang) | AF95: =VLOOKUP($H95,'[3]0509人员排班情况 副本'!$G:$U,14,FALSE) -> 马铭 Ming (Ming Ma) | AG95: =VLOOKUP($H95,'[3]0509人员排班情况 副本'!$G:$U,15,FALSE) -> 0
A96: 2026/05/12 | B96: Kyle (Kyle Arden Berry) | C96: GL502369 | D96: FL 佛州大区 | E96: WF 西佛片区 | F96: FTM01 | H96: =D96&E96&F96 -> FL 佛州大区WF 西佛片区FTM01 | I96: Station Operations Specialist 站点运营专员 | J96: TY_04:00 | K96: 0.16666667 | L96: 12:30 | O96: =IFERROR(IF(ABS(M96-K96)<=1/24,"正确","不正确"),"/") -> 不正确 | P96: 0 | Q96: 0 | R96: 0 | S96: =Q96+R96 -> 0 | T96: =IF(S96-8>0,S96-8,0) -> 0 | U96: =IF(T96=0,"否","是") -> 否 | V96: =VLOOKUP($C96,[4]Sheet1!$B:$AN,39,FALSE) -> 6.33 | W96: 0 | X96: 0 | Y96: 4 | Z96: =IF(Y96-X96>=0,Y96-X96,0) -> 4 | AA96: =IF(J96="","否","是") -> 是 | AC96: =VLOOKUP(C96,[1]Sheet1!$C:$O,13,FALSE) -> #N/A | AD96: =VLOOKUP($H96,'[3]0509人员排班情况 副本'!$G:$U,12,FALSE) -> Natalia (Natalia Padilla),孙婕 Jasmine（Sunjie） | AE96: =VLOOKUP($H96,'[3]0509人员排班情况 副本'!$G:$U,13,FALSE) -> 贺子强Jeff (Ziqiang He) | AF96: =VLOOKUP($H96,'[3]0509人员排班情况 副本'!$G:$U,14,FALSE) -> 吴欣玥 Destinee (Xinyue Wu) | AG96: =VLOOKUP($H96,'[3]0509人员排班情况 副本'!$G:$U,15,FALSE) -> 0
A97: 2026/05/12 | B97: Lai Guoxiang | C97: GL500506 | D97: NE 东北大区 | E97: JFK.H | F97: 操作组 | G97: HUB | H97: =D97&E97&F97 -> NE 东北大区JFK.H操作组 | I97: Warehouse Operator 操作员 | J97: TY_12:00 | K97: 0.5 | L97: 20:30 | M97: 0.49444444 | N97: 21:59 | O97: =IFERROR(IF(ABS(M97-K97)<=1/24,"正确","不正确"),"/") -> 正确 | P97: 0 | Q97: 9.62 | R97: 0 | S97: =Q97+R97 -> 9.62 | T97: =IF(S97-8>0,S97-8,0) -> 1.62 | U97: =IF(T97=0,"否","是") -> 是 | V97: =VLOOKUP($C97,[4]Sheet1!$B:$AN,39,FALSE) -> 18.47 | W97: 0 | X97: 4 | Y97: 4 | Z97: =IF(Y97-X97>=0,Y97-X97,0) -> 0 | AA97: =IF(J97="","否","是") -> 是 | AC97: =VLOOKUP(C97,[1]Sheet1!$C:$O,13,FALSE) -> #N/A | AD97: =VLOOKUP($H97,'[3]0509人员排班情况 副本'!$G:$U,12,FALSE) -> 孙可君Monica（Kejun Sun） | AE97: =VLOOKUP($H97,'[3]0509人员排班情况 副本'!$G:$U,13,FALSE) -> 马聪Cong (Cong Ma) | AF97: =VLOOKUP($H97,'[3]0509人员排班情况 副本'!$G:$U,14,FALSE) -> Minqing (Minqing Xu),罗煜雄 Mike (Yuxiong Luo) | AG97: =VLOOKUP($H97,'[3]0509人员排班情况 副本'!$G:$U,15,FALSE) -> 0
A98: 2026/05/12 | B98: Lazaro (Lazaro C. Gonzalez) | C98: GL500254 | D98: FL 佛州大区 | E98: TPA01 | H98: =D98&E98&F98 -> FL 佛州大区TPA01 | I98: Station Operations Specialist 站点运营专员 | J98: TY_23:30 | K98: 0.97916667 | L98: 08:00 | M98: 0.94513889 | O98: =IFERROR(IF(ABS(M98-K98)<=1/24,"正确","不正确"),"/") -> 正确 | P98: 0 | Q98: 0 | R98: 0 | S98: =Q98+R98 -> 0 | T98: =IF(S98-8>0,S98-8,0) -> 0 | U98: =IF(T98=0,"否","是") -> 否 | V98: =VLOOKUP($C98,[4]Sheet1!$B:$AN,39,FALSE) -> 8.58 | W98: 0 | X98: 1 | Y98: 4 | Z98: =IF(Y98-X98>=0,Y98-X98,0) -> 3 | AA98: =IF(J98="","否","是") -> 是 | AC98: =VLOOKUP(C98,[1]Sheet1!$C:$O,13,FALSE) -> #N/A | AD98: =VLOOKUP($H98,'[3]0509人员排班情况 副本'!$G:$U,12,FALSE) -> Natalia (Natalia Padilla),孙婕 Jasmine（Sunjie） | AE98: =VLOOKUP($H98,'[3]0509人员排班情况 副本'!$G:$U,13,FALSE) -> 贺子强Jeff (Ziqiang He) | AF98: =VLOOKUP($H98,'[3]0509人员排班情况 副本'!$G:$U,14,FALSE) -> 0 | AG98: =VLOOKUP($H98,'[3]0509人员排班情况 副本'!$G:$U,15,FALSE) -> 0
A99: 2026/05/12 | B99: Leo Schauer | C99: GL502740 | D99: GL 大湖大区 | E99: WG 西大湖片区 | F99: MSN01 | H99: =D99&E99&F99 -> GL 大湖大区WG 西大湖片区MSN01 | I99: Station Operations Specialist 站点运营专员 | J99: TY_05:00 | K99: 0.20833333 | L99: 13:30 | M99: 0.20069444 | O99: =IFERROR(IF(ABS(M99-K99)<=1/24,"正确","不正确"),"/") -> 正确 | P99: 0 | Q99: 0 | R99: 0 | S99: =Q99+R99 -> 0 | T99: =IF(S99-8>0,S99-8,0) -> 0 | U99: =IF(T99=0,"否","是") -> 否 | V99: =VLOOKUP($C99,[4]Sheet1!$B:$AN,39,FALSE) -> 8.22 | W99: 0 | X99: 1 | Y99: 4 | Z99: =IF(Y99-X99>=0,Y99-X99,0) -> 3 | AA99: =IF(J99="","否","是") -> 是 | AC99: =VLOOKUP(C99,[1]Sheet1!$C:$O,13,FALSE) -> #N/A | AD99: =VLOOKUP($H99,'[3]0509人员排班情况 副本'!$G:$U,12,FALSE) -> 王晓丹 Jasmine（Xiaodan Wang）,周延舒Isabel（Yanshu Zhou） | AE99: =VLOOKUP($H99,'[3]0509人员排班情况 副本'!$G:$U,13,FALSE) -> 张骥Ji Zhang (Ji Zhang) | AF99: =VLOOKUP($H99,'[3]0509人员排班情况 副本'!$G:$U,14,FALSE) -> 易至聪Zac (Zhicong Yi),尚青蓓 Suki （Qingbei Shang） | AG99: =VLOOKUP($H99,'[3]0509人员排班情况 副本'!$G:$U,15,FALSE) -> 0
A100: 2026/05/12 | B100: Leroy (Leroy Jackson) | C100: GL500342 | D100: FL 佛州大区 | E100: MIA.H | F100: 分拣组 | G100: HUB | H100: =D100&E100&F100 -> FL 佛州大区MIA.H分拣组 | I100: Sorter 分拣员 | J100: TY_21:00 | K100: 0.875 | L100: 05:30 | M100: 0.87777778 | N100: 02:30 | O100: =IFERROR(IF(ABS(M100-K100)<=1/24,"正确","不正确"),"/") -> 正确 | P100: 0 | Q100: 4.93 | R100: 0 | S100: =Q100+R100 -> 4.93 | T100: =IF(S100-8>0,S100-8,0) -> 0 | U100: =IF(T100=0,"否","是") -> 否 | V100: =VLOOKUP($C100,[4]Sheet1!$B:$AN,39,FALSE) -> 13.58 | W100: 2.94 | X100: 3 | Y100: 4 | Z100: =IF(Y100-X100>=0,Y100-X100,0) -> 1 | AA100: =IF(J100="","否","是") -> 是 | AC100: =VLOOKUP(C100,[1]Sheet1!$C:$O,13,FALSE) -> #N/A | AD100: =VLOOKUP($H100,'[3]0509人员排班情况 副本'!$G:$U,12,FALSE) -> Natalia (Natalia Padilla),孙婕 Jasmine（Sunjie） | AE100: =VLOOKUP($H100,'[3]0509人员排班情况 副本'!$G:$U,13,FALSE) -> 贺子强Jeff (Ziqiang He) | AF100: =VLOOKUP($H100,'[3]0509人员排班情况 副本'!$G:$U,14,FALSE) -> 张双甫(Shuangfu Zhang) | AG100: =VLOOKUP($H100,'[3]0509人员排班情况 副本'!$G:$U,15,FALSE) -> 0
...

Sheet 汇总
A1: 区域 | B1: 部门 | C1: 区域 | D1: 0512美区正式工未排班及缺卡人员明细 | K1: 0511美区正式工未排班及缺卡人员明细 | M1: 前一日趋势对比
D2: 总人数 | E2: 日超8h人数 | F2: 未排班数 | G2: 排班率 | H2: HUB排班正确率 | I2: 缺卡数 | J2: 缺卡率 | K2: 排班率 | L2: 缺卡率 | M2: 排班率 | N2: 缺卡率
A3: FL 佛州大区 | B3: SF 南佛片区 | C3: =A3&""&B3 -> FL 佛州大区SF 南佛片区 | D3: =VLOOKUP($C3,是否排班!$I:$L,4,FALSE) -> 10 | E3: =VLOOKUP($C3,日超8H!$I:$L,2,FALSE) -> 4 | F3: =VLOOKUP($C3,是否排班!$I:$L,3,FALSE) -> 1 | G3: =VLOOKUP($C3,是否排班!$I:$M,5,FALSE) -> 0.9 | H3: =IFERROR(VLOOKUP($C3,排班正确!$J:$O,6,FALSE),"/") -> / | I3: =VLOOKUP($C3,缺卡!$H:$K,2,FALSE) -> 6 | J3: =VLOOKUP($C3,缺卡!$H:$K,4,FALSE) -> 0.25 | K3: =VLOOKUP($C3,[2]汇总!$C:$J,5,FALSE) -> 0.9 | L3: =VLOOKUP($C3,[2]汇总!$C:$J,8,FALSE) -> 0.4 | M3: =G3-K3 -> 0 | N3: =J3-L3 -> -0.15
A4: FL 佛州大区 | B4: MIA.H | C4: =A4&""&B4 -> FL 佛州大区MIA.H | D4: =VLOOKUP($C4,是否排班!$I:$L,4,FALSE) -> 34 | E4: =VLOOKUP($C4,日超8H!$I:$L,2,FALSE) -> 17 | F4: =VLOOKUP($C4,是否排班!$I:$L,3,FALSE) -> 1 | G4: =VLOOKUP($C4,是否排班!$I:$M,5,FALSE) -> 0.97058824 | H4: =IFERROR(VLOOKUP($C4,排班正确!$J:$O,6,FALSE),"/") -> 0.76470588 | I4: =VLOOKUP($C4,缺卡!$H:$K,2,FALSE) -> 38 | J4: =VLOOKUP($C4,缺卡!$H:$K,4,FALSE) -> 0.33928571 | K4: =VLOOKUP($C4,[2]汇总!$C:$J,5,FALSE) -> 0.97142857 | L4: =VLOOKUP($C4,[2]汇总!$C:$J,8,FALSE) -> 0.59375 | M4: =G4-K4 -> -0.00084033613 | N4: =J4-L4 -> -0.25446429
A5: FL 佛州大区 | C5: =A5&""&B5 -> FL 佛州大区 | D5: =VLOOKUP($C5,是否排班!$I:$L,4,FALSE) -> 1 | E5: =VLOOKUP($C5,日超8H!$I:$L,2,FALSE) -> 0 | F5: =VLOOKUP($C5,是否排班!$I:$L,3,FALSE) -> 0 | G5: =VLOOKUP($C5,是否排班!$I:$M,5,FALSE) -> 1 | H5: =IFERROR(VLOOKUP($C5,排班正确!$J:$O,6,FALSE),"/") -> / | I5: =VLOOKUP($C5,缺卡!$H:$K,2,FALSE) -> 2 | J5: =VLOOKUP($C5,缺卡!$H:$K,4,FALSE) -> 0.5 | K5: =VLOOKUP($C5,[2]汇总!$C:$J,5,FALSE) -> 1 | L5: =VLOOKUP($C5,[2]汇总!$C:$J,8,FALSE) -> 0.5 | M5: =G5-K5 -> 0 | N5: =J5-L5 -> 0
A6: FL 佛州大区 | B6: FTM01 | C6: =A6&""&B6 -> FL 佛州大区FTM01 | D6: =VLOOKUP($C6,是否排班!$I:$L,4,FALSE) -> 3 | E6: =VLOOKUP($C6,日超8H!$I:$L,2,FALSE) -> 0 | F6: =VLOOKUP($C6,是否排班!$I:$L,3,FALSE) -> 0 | G6: =VLOOKUP($C6,是否排班!$I:$M,5,FALSE) -> 1 | H6: =IFERROR(VLOOKUP($C6,排班正确!$J:$O,6,FALSE),"/") -> / | I6: =VLOOKUP($C6,缺卡!$H:$K,2,FALSE) -> 6 | J6: =VLOOKUP($C6,缺卡!$H:$K,4,FALSE) -> 0.5 | K6: =VLOOKUP($C6,[2]汇总!$C:$J,5,FALSE) -> 1 | L6: =VLOOKUP($C6,[2]汇总!$C:$J,8,FALSE) -> 0.66666667 | M6: =G6-K6 -> 0 | N6: =J6-L6 -> -0.16666667
A7: FL 佛州大区 | B7: MCO.H | C7: =A7&""&B7 -> FL 佛州大区MCO.H | D7: =VLOOKUP($C7,是否排班!$I:$L,4,FALSE) -> 28 | E7: =VLOOKUP($C7,日超8H!$I:$L,2,FALSE) -> 15 | F7: =VLOOKUP($C7,是否排班!$I:$L,3,FALSE) -> 0 | G7: =VLOOKUP($C7,是否排班!$I:$M,5,FALSE) -> 1 | H7: =IFERROR(VLOOKUP($C7,排班正确!$J:$O,6,FALSE),"/") -> 0.89285714 | I7: =VLOOKUP($C7,缺卡!$H:$K,2,FALSE) -> 5 | J7: =VLOOKUP($C7,缺卡!$H:$K,4,FALSE) -> 0.073529412 | K7: =VLOOKUP($C7,[2]汇总!$C:$J,5,FALSE) -> 1 | L7: =VLOOKUP($C7,[2]汇总!$C:$J,8,FALSE) -> 0.359375 | M7: =G7-K7 -> 0 | N7: =J7-L7 -> -0.28584559
A8: FL 佛州大区 | B8: MCO01 | C8: =A8&""&B8 -> FL 佛州大区MCO01 | D8: =VLOOKUP($C8,是否排班!$I:$L,4,FALSE) -> 2 | E8: =VLOOKUP($C8,日超8H!$I:$L,2,FALSE) -> 2 | F8: =VLOOKUP($C8,是否排班!$I:$L,3,FALSE) -> 0 | G8: =VLOOKUP($C8,是否排班!$I:$M,5,FALSE) -> 1 | H8: =IFERROR(VLOOKUP($C8,排班正确!$J:$O,6,FALSE),"/") -> / | I8: =VLOOKUP($C8,缺卡!$H:$K,2,FALSE) -> 0 | J8: =VLOOKUP($C8,缺卡!$H:$K,4,FALSE) -> 0 | K8: =VLOOKUP($C8,[2]汇总!$C:$J,5,FALSE) -> 1 | L8: =VLOOKUP($C8,[2]汇总!$C:$J,8,FALSE) -> 0 | M8: =G8-K8 -> 0 | N8: =J8-L8 -> 0
A9: FL 佛州大区 | B9: MF 中佛片区 | C9: =A9&""&B9 -> FL 佛州大区MF 中佛片区 | D9: =VLOOKUP($C9,是否排班!$I:$L,4,FALSE) -> 7 | E9: =VLOOKUP($C9,日超8H!$I:$L,2,FALSE) -> 3 | F9: =VLOOKUP($C9,是否排班!$I:$L,3,FALSE) -> 0 | G9: =VLOOKUP($C9,是否排班!$I:$M,5,FALSE) -> 1 | H9: =IFERROR(VLOOKUP($C9,排班正确!$J:$O,6,FALSE),"/") -> / | I9: =VLOOKUP($C9,缺卡!$H:$K,2,FALSE) -> 10 | J9: =VLOOKUP($C9,缺卡!$H:$K,4,FALSE) -> 0.625 | K9: =VLOOKUP($C9,[2]汇总!$C:$J,5,FALSE) -> 0.875 | L9: =VLOOKUP($C9,[2]汇总!$C:$J,8,FALSE) -> 0.57142857 | M9: =G9-K9 -> 0.125 | N9: =J9-L9 -> 0.053571429
A10: FL 佛州大区 | B10: MIA01 | C10: =A10&""&B10 -> FL 佛州大区MIA01 | D10: =VLOOKUP($C10,是否排班!$I:$L,4,FALSE) -> 3 | E10: =VLOOKUP($C10,日超8H!$I:$L,2,FALSE) -> 2 | F10: =VLOOKUP($C10,是否排班!$I:$L,3,FALSE) -> 0 | G10: =VLOOKUP($C10,是否排班!$I:$M,5,FALSE) -> 1 | H10: =IFERROR(VLOOKUP($C10,排班正确!$J:$O,6,FALSE),"/") -> / | I10: =VLOOKUP($C10,缺卡!$H:$K,2,FALSE) -> 1 | J10: =VLOOKUP($C10,缺卡!$H:$K,4,FALSE) -> 0.083333333 | K10: =VLOOKUP($C10,[2]汇总!$C:$J,5,FALSE) -> 1 | L10: =VLOOKUP($C10,[2]汇总!$C:$J,8,FALSE) -> 0 | M10: =G10-K10 -> 0 | N10: =J10-L10 -> 0.083333333
A11: FL 佛州大区 | B11: NF 北佛片区 | C11: =A11&""&B11 -> FL 佛州大区NF 北佛片区 | D11: =VLOOKUP($C11,是否排班!$I:$L,4,FALSE) -> 7 | E11: =VLOOKUP($C11,日超8H!$I:$L,2,FALSE) -> 1 | F11: =VLOOKUP($C11,是否排班!$I:$L,3,FALSE) -> 0 | G11: =VLOOKUP($C11,是否排班!$I:$M,5,FALSE) -> 1 | H11: =IFERROR(VLOOKUP($C11,排班正确!$J:$O,6,FALSE),"/") -> / | I11: =VLOOKUP($C11,缺卡!$H:$K,2,FALSE) -> 6 | J11: =VLOOKUP($C11,缺卡!$H:$K,4,FALSE) -> 0.25 | K11: =VLOOKUP($C11,[2]汇总!$C:$J,5,FALSE) -> 1 | L11: =VLOOKUP($C11,[2]汇总!$C:$J,8,FALSE) -> 0.5 | M11: =G11-K11 -> 0 | N11: =J11-L11 -> -0.25
A12: FL 佛州大区 | B12: OCF01 | C12: =A12&""&B12 -> FL 佛州大区OCF01 | D12: =VLOOKUP($C12,是否排班!$I:$L,4,FALSE) -> 1 | E12: =VLOOKUP($C12,日超8H!$I:$L,2,FALSE) -> 1 | F12: =VLOOKUP($C12,是否排班!$I:$L,3,FALSE) -> 0 | G12: =VLOOKUP($C12,是否排班!$I:$M,5,FALSE) -> 1 | H12: =IFERROR(VLOOKUP($C12,排班正确!$J:$O,6,FALSE),"/") -> / | I12: =VLOOKUP($C12,缺卡!$H:$K,2,FALSE) -> 2 | J12: =VLOOKUP($C12,缺卡!$H:$K,4,FALSE) -> 0.5 | K12: =VLOOKUP($C12,[2]汇总!$C:$J,5,FALSE) -> 1 | L12: =VLOOKUP($C12,[2]汇总!$C:$J,8,FALSE) -> 0.5 | M12: =G12-K12 -> 0 | N12: =J12-L12 -> 0
A13: FL 佛州大区 | B13: SRQ01 | C13: =A13&""&B13 -> FL 佛州大区SRQ01 | D13: =VLOOKUP($C13,是否排班!$I:$L,4,FALSE) -> 1 | E13: =VLOOKUP($C13,日超8H!$I:$L,2,FALSE) -> 1 | F13: =VLOOKUP($C13,是否排班!$I:$L,3,FALSE) -> 0 | G13: =VLOOKUP($C13,是否排班!$I:$M,5,FALSE) -> 1 | H13: =IFERROR(VLOOKUP($C13,排班正确!$J:$O,6,FALSE),"/") -> / | I13: =VLOOKUP($C13,缺卡!$H:$K,2,FALSE) -> 0 | J13: =VLOOKUP($C13,缺卡!$H:$K,4,FALSE) -> 0 | K13: =VLOOKUP($C13,[2]汇总!$C:$J,5,FALSE) -> 1 | L13: =VLOOKUP($C13,[2]汇总!$C:$J,8,FALSE) -> 0 | M13: =G13-K13 -> 0 | N13: =J13-L13 -> 0
A14: FL 佛州大区 | B14: TPA01 | C14: =A14&""&B14 -> FL 佛州大区TPA01 | D14: =VLOOKUP($C14,是否排班!$I:$L,4,FALSE) -> 2 | E14: =VLOOKUP($C14,日超8H!$I:$L,2,FALSE) -> 0 | F14: =VLOOKUP($C14,是否排班!$I:$L,3,FALSE) -> 0 | G14: =VLOOKUP($C14,是否排班!$I:$M,5,FALSE) -> 1 | H14: =IFERROR(VLOOKUP($C14,排班正确!$J:$O,6,FALSE),"/") -> / | I14: =VLOOKUP($C14,缺卡!$H:$K,2,FALSE) -> 5 | J14: =VLOOKUP($C14,缺卡!$H:$K,4,FALSE) -> 0.625 | K14: =VLOOKUP($C14,[2]汇总!$C:$J,5,FALSE) -> 1 | L14: =VLOOKUP($C14,[2]汇总!$C:$J,8,FALSE) -> 1 | M14: =G14-K14 -> 0 | N14: =J14-L14 -> -0.375
A15: FL 佛州大区 | B15: WF 西佛片区 | C15: =A15&""&B15 -> FL 佛州大区WF 西佛片区 | D15: =VLOOKUP($C15,是否排班!$I:$L,4,FALSE) -> 6 | E15: =VLOOKUP($C15,日超8H!$I:$L,2,FALSE) -> 1 | F15: =VLOOKUP($C15,是否排班!$I:$L,3,FALSE) -> 0 | G15: =VLOOKUP($C15,是否排班!$I:$M,5,FALSE) -> 1 | H15: =IFERROR(VLOOKUP($C15,排班正确!$J:$O,6,FALSE),"/") -> / | I15: =VLOOKUP($C15,缺卡!$H:$K,2,FALSE) -> 7 | J15: =VLOOKUP($C15,缺卡!$H:$K,4,FALSE) -> 0.4375 | K15: =VLOOKUP($C15,[2]汇总!$C:$J,5,FALSE) -> 1 | L15: =VLOOKUP($C15,[2]汇总!$C:$J,8,FALSE) -> 0.6 | M15: =G15-K15 -> 0 | N15: =J15-L15 -> -0.1625
A16: FL 佛州大区 | B16: WPB01 | C16: =A16&""&B16 -> FL 佛州大区WPB01 | D16: =VLOOKUP($C16,是否排班!$I:$L,4,FALSE) -> 1 | E16: =VLOOKUP($C16,日超8H!$I:$L,2,FALSE) -> 0 | F16: =VLOOKUP($C16,是否排班!$I:$L,3,FALSE) -> 0 | G16: =VLOOKUP($C16,是否排班!$I:$M,5,FALSE) -> 1 | H16: =IFERROR(VLOOKUP($C16,排班正确!$J:$O,6,FALSE),"/") -> / | I16: =VLOOKUP($C16,缺卡!$H:$K,2,FALSE) -> 0 | J16: 0 | K16: =VLOOKUP($C16,[2]汇总!$C:$J,5,FALSE) -> 1 | L16: 0 | M16: =G16-K16 -> 0 | N16: =J16-L16 -> 0
A17: FL 佛州大区 | B17: 运营支持部 | C17: =A17&""&B17 -> FL 佛州大区运营支持部 | D17: =VLOOKUP($C17,是否排班!$I:$L,4,FALSE) -> 4 | E17: =VLOOKUP($C17,日超8H!$I:$L,2,FALSE) -> 3 | F17: =VLOOKUP($C17,是否排班!$I:$L,3,FALSE) -> 0 | G17: =VLOOKUP($C17,是否排班!$I:$M,5,FALSE) -> 1 | H17: =IFERROR(VLOOKUP($C17,排班正确!$J:$O,6,FALSE),"/") -> / | I17: =VLOOKUP($C17,缺卡!$H:$K,2,FALSE) -> 3 | J17: =VLOOKUP($C17,缺卡!$H:$K,4,FALSE) -> 0.1875 | K17: =VLOOKUP($C17,[2]汇总!$C:$J,5,FALSE) -> 0.25 | L17: =VLOOKUP($C17,[2]汇总!$C:$J,8,FALSE) -> 0.9375 | M17: =G17-K17 -> 0.75 | N17: =J17-L17 -> -0.75
A18: FL 佛州大区 汇总 | C18: =A18&""&B18 -> FL 佛州大区 汇总 | D18: =VLOOKUP($C18,是否排班!$I:$L,4,FALSE) -> 110 | E18: =VLOOKUP($C18,日超8H!$I:$L,2,FALSE) -> 50 | F18: =VLOOKUP($C18,是否排班!$I:$L,3,FALSE) -> 2 | G18: =VLOOKUP($C18,是否排班!$I:$M,5,FALSE) -> 0.98181818 | H18: =IFERROR(VLOOKUP($C18,排班正确!$J:$O,6,FALSE),"/") -> 0.82258065 | I18: =VLOOKUP($C18,缺卡!$H:$K,2,FALSE) -> 91 | J18: =VLOOKUP($C18,缺卡!$H:$K,4,FALSE) -> 0.27743902 | K18: =VLOOKUP($C18,[2]汇总!$C:$J,5,FALSE) -> 0.94642857 | L18: =VLOOKUP($C18,[2]汇总!$C:$J,8,FALSE) -> 0.52134146 | M18: =G18-K18 -> 0.03538961 | N18: =J18-L18 -> -0.24390244
A19: GL 大湖大区 | B19: 车辆管理部 | C19: =A19&""&B19 -> GL 大湖大区车辆管理部 | D19: =VLOOKUP($C19,是否排班!$I:$L,4,FALSE) -> 1 | E19: =VLOOKUP($C19,日超8H!$I:$L,2,FALSE) -> 0 | F19: =VLOOKUP($C19,是否排班!$I:$L,3,FALSE) -> 1 | G19: =VLOOKUP($C19,是否排班!$I:$M,5,FALSE) -> 0 | H19: =IFERROR(VLOOKUP($C19,排班正确!$J:$O,6,FALSE),"/") -> / | I19: =VLOOKUP($C19,缺卡!$H:$K,2,FALSE) -> 0 | J19: 0 | K19: =VLOOKUP($C19,[2]汇总!$C:$J,5,FALSE) -> 0 | L19: =VLOOKUP($C19,[2]汇总!$C:$J,8,FALSE) -> 1 | M19: =G19-K19 -> 0 | N19: =J19-L19 -> -1
A20: GL 大湖大区 | B20: ORD.H | C20: =A20&""&B20 -> GL 大湖大区ORD.H | D20: =VLOOKUP($C20,是否排班!$I:$L,4,FALSE) -> 29 | E20: =VLOOKUP($C20,日超8H!$I:$L,2,FALSE) -> 15 | F20: =VLOOKUP($C20,是否排班!$I:$L,3,FALSE) -> 1 | G20: =VLOOKUP($C20,是否排班!$I:$M,5,FALSE) -> 0.96551724 | H20: =IFERROR(VLOOKUP($C20,排班正确!$J:$O,6,FALSE),"/") -> 0.75862069 | I20: =VLOOKUP($C20,缺卡!$H:$K,2,FALSE) -> 29 | J20: =VLOOKUP($C20,缺卡!$H:$K,4,FALSE) -> 0.32954545 | K20: =VLOOKUP($C20,[2]汇总!$C:$J,5,FALSE) -> 0.89655172 | L20: =VLOOKUP($C20,[2]汇总!$C:$J,8,FALSE) -> 0.69047619 | M20: =G20-K20 -> 0.068965517 | N20: =J20-L20 -> -0.36093074
A21: GL 大湖大区 | C21: =A21&""&B21 -> GL 大湖大区 | D21: =VLOOKUP($C21,是否排班!$I:$L,4,FALSE) -> 2 | E21: =VLOOKUP($C21,日超8H!$I:$L,2,FALSE) -> 1 | F21: =VLOOKUP($C21,是否排班!$I:$L,3,FALSE) -> 0 | G21: =VLOOKUP($C21,是否排班!$I:$M,5,FALSE) -> 1 | H21: =IFERROR(VLOOKUP($C21,排班正确!$J:$O,6,FALSE),"/") -> / | I21: =VLOOKUP($C21,缺卡!$H:$K,2,FALSE) -> 2 | J21: =VLOOKUP($C21,缺卡!$H:$K,4,FALSE) -> 0.5 | K21: =VLOOKUP($C21,[2]汇总!$C:$J,5,FALSE) -> 1 | L21: =VLOOKUP($C21,[2]汇总!$C:$J,8,FALSE) -> 0.75 | M21: =G21-K21 -> 0 | N21: =J21-L21 -> -0.25
A22: GL 大湖大区 | B22: CLE01 | C22: =A22&""&B22 -> GL 大湖大区CLE01 | D22: =VLOOKUP($C22,是否排班!$I:$L,4,FALSE) -> 1 | E22: =VLOOKUP($C22,日超8H!$I:$L,2,FALSE) -> 1 | F22: =VLOOKUP($C22,是否排班!$I:$L,3,FALSE) -> 0 | G22: =VLOOKUP($C22,是否排班!$I:$M,5,FALSE) -> 1 | H22: =IFERROR(VLOOKUP($C22,排班正确!$J:$O,6,FALSE),"/") -> / | I22: =VLOOKUP($C22,缺卡!$H:$K,2,FALSE) -> 0 | J22: =VLOOKUP($C22,缺卡!$H:$K,4,FALSE) -> 0 | K22: =VLOOKUP($C22,[2]汇总!$C:$J,5,FALSE) -> 1 | L22: 0 | M22: =G22-K22 -> 0 | N22: =J22-L22 -> 0
A23: GL 大湖大区 | B23: CM 中西部中心片区 | C23: =A23&""&B23 -> GL 大湖大区CM 中西部中心片区 | D23: =VLOOKUP($C23,是否排班!$I:$L,4,FALSE) -> 6 | E23: =VLOOKUP($C23,日超8H!$I:$L,2,FALSE) -> 2 | F23: =VLOOKUP($C23,是否排班!$I:$L,3,FALSE) -> 0 | G23: =VLOOKUP($C23,是否排班!$I:$M,5,FALSE) -> 1 | H23: =IFERROR(VLOOKUP($C23,排班正确!$J:$O,6,FALSE),"/") -> / | I23: =VLOOKUP($C23,缺卡!$H:$K,2,FALSE) -> 4 | J23: =VLOOKUP($C23,缺卡!$H:$K,4,FALSE) -> 0.33333333 | K23: =VLOOKUP($C23,[2]汇总!$C:$J,5,FALSE) -> 1 | L23: =VLOOKUP($C23,[2]汇总!$C:$J,8,FALSE) -> 0.35 | M23: =G23-K23 -> 0 | N23: =J23-L23 -> -0.016666667
A24: GL 大湖大区 | B24: CMH01 | C24: =A24&""&B24 -> GL 大湖大区CMH01 | D24: =VLOOKUP($C24,是否排班!$I:$L,4,FALSE) -> 1 | E24: =VLOOKUP($C24,日超8H!$I:$L,2,FALSE) -> 0 | F24: =VLOOKUP($C24,是否排班!$I:$L,3,FALSE) -> 0 | G24: =VLOOKUP($C24,是否排班!$I:$M,5,FALSE) -> 1 | H24: =IFERROR(VLOOKUP($C24,排班正确!$J:$O,6,FALSE),"/") -> / | I24: =VLOOKUP($C24,缺卡!$H:$K,2,FALSE) -> 4 | J24: =VLOOKUP($C24,缺卡!$H:$K,4,FALSE) -> 1 | K24: =VLOOKUP($C24,[2]汇总!$C:$J,5,FALSE) -> 1 | L24: 0 | M24: =G24-K24 -> 0 | N24: =J24-L24 -> 1
A25: GL 大湖大区 | B25: CVG.H | C25: =A25&""&B25 -> GL 大湖大区CVG.H | D25: =VLOOKUP($C25,是否排班!$I:$L,4,FALSE) -> 2 | E25: =VLOOKUP($C25,日超8H!$I:$L,2,FALSE) -> 1 | F25: =VLOOKUP($C25,是否排班!$I:$L,3,FALSE) -> 0 | G25: =VLOOKUP($C25,是否排班!$I:$M,5,FALSE) -> 1 | H25: =IFERROR(VLOOKUP($C25,排班正确!$J:$O,6,FALSE),"/") -> 0.5 | I25: =VLOOKUP($C25,缺卡!$H:$K,2,FALSE) -> 2 | J25: =VLOOKUP($C25,缺卡!$H:$K,4,FALSE) -> 0.5 | K25: =VLOOKUP($C25,[2]汇总!$C:$J,5,FALSE) -> 1 | L25: =VLOOKUP($C25,[2]汇总!$C:$J,8,FALSE) -> 0.625 | M25: =G25-K25 -> 0 | N25: =J25-L25 -> -0.125
A26: GL 大湖大区 | B26: EG 东大湖片区 | C26: =A26&""&B26 -> GL 大湖大区EG 东大湖片区 | D26: =VLOOKUP($C26,是否排班!$I:$L,4,FALSE) -> 5 | E26: =VLOOKUP($C26,日超8H!$I:$L,2,FALSE) -> 1 | F26: =VLOOKUP($C26,是否排班!$I:$L,3,FALSE) -> 0 | G26: =VLOOKUP($C26,是否排班!$I:$M,5,FALSE) -> 1 | H26: =IFERROR(VLOOKUP($C26,排班正确!$J:$O,6,FALSE),"/") -> / | I26: =VLOOKUP($C26,缺卡!$H:$K,2,FALSE) -> 3 | J26: =VLOOKUP($C26,缺卡!$H:$K,4,FALSE) -> 0.25 | K26: =VLOOKUP($C26,[2]汇总!$C:$J,5,FALSE) -> 1 | L26: =VLOOKUP($C26,[2]汇总!$C:$J,8,FALSE) -> 0 | M26: =G26-K26 -> 0 | N26: =J26-L26 -> 0.25
A27: GL 大湖大区 | B27: IND01 | C27: =A27&""&B27 -> GL 大湖大区IND01 | D27: =VLOOKUP($C27,是否排班!$I:$L,4,FALSE) -> 3 | E27: =VLOOKUP($C27,日超8H!$I:$L,2,FALSE) -> 1 | F27: =VLOOKUP($C27,是否排班!$I:$L,3,FALSE) -> 0 | G27: =VLOOKUP($C27,是否排班!$I:$M,5,FALSE) -> 1 | H27: =IFERROR(VLOOKUP($C27,排班正确!$J:$O,6,FALSE),"/") -> / | I27: =VLOOKUP($C27,缺卡!$H:$K,2,FALSE) -> 0 | J27: =VLOOKUP($C27,缺卡!$H:$K,4,FALSE) -> 0 | K27: =VLOOKUP($C27,[2]汇总!$C:$J,5,FALSE) -> 1 | L27: =VLOOKUP($C27,[2]汇总!$C:$J,8,FALSE) -> 0 | M27: =G27-K27 -> 0 | N27: =J27-L27 -> 0
A28: GL 大湖大区 | B28: MCI01 | C28: =A28&""&B28 -> GL 大湖大区MCI01 | D28: =VLOOKUP($C28,是否排班!$I:$L,4,FALSE) -> 2 | E28: =VLOOKUP($C28,日超8H!$I:$L,2,FALSE) -> 1 | F28: =VLOOKUP($C28,是否排班!$I:$L,3,FALSE) -> 0 | G28: =VLOOKUP($C28,是否排班!$I:$M,5,FALSE) -> 1 | H28: =IFERROR(VLOOKUP($C28,排班正确!$J:$O,6,FALSE),"/") -> / | I28: =VLOOKUP($C28,缺卡!$H:$K,2,FALSE) -> 0 | J28: =VLOOKUP($C28,缺卡!$H:$K,4,FALSE) -> 0 | K28: =VLOOKUP($C28,[2]汇总!$C:$J,5,FALSE) -> 1 | L28: =VLOOKUP($C28,[2]汇总!$C:$J,8,FALSE) -> 0.25 | M28: =G28-K28 -> 0 | N28: =J28-L28 -> -0.25
A29: GL 大湖大区 | B29: MKE01 | C29: =A29&""&B29 -> GL 大湖大区MKE01 | D29: =VLOOKUP($C29,是否排班!$I:$L,4,FALSE) -> 2 | E29: =VLOOKUP($C29,日超8H!$I:$L,2,FALSE) -> 0 | F29: =VLOOKUP($C29,是否排班!$I:$L,3,FALSE) -> 0 | G29: =VLOOKUP($C29,是否排班!$I:$M,5,FALSE) -> 1 | H29: =IFERROR(VLOOKUP($C29,排班正确!$J:$O,6,FALSE),"/") -> / | I29: =VLOOKUP($C29,缺卡!$H:$K,2,FALSE) -> 6 | J29: =VLOOKUP($C29,缺卡!$H:$K,4,FALSE) -> 0.75 | K29: =VLOOKUP($C29,[2]汇总!$C:$J,5,FALSE) -> 1 | L29: =VLOOKUP($C29,[2]汇总!$C:$J,8,FALSE) -> 1 | M29: =G29-K29 -> 0 | N29: =J29-L29 -> -0.25
A30: GL 大湖大区 | B30: NM 中西部北片区 | C30: =A30&""&B30 -> GL 大湖大区NM 中西部北片区 | D30: =VLOOKUP($C30,是否排班!$I:$L,4,FALSE) -> 6 | E30: =VLOOKUP($C30,日超8H!$I:$L,2,FALSE) -> 2 | F30: =VLOOKUP($C30,是否排班!$I:$L,3,FALSE) -> 0 | G30: =VLOOKUP($C30,是否排班!$I:$M,5,FALSE) -> 1 | H30: =IFERROR(VLOOKUP($C30,排班正确!$J:$O,6,FALSE),"/") -> / | I30: =VLOOKUP($C30,缺卡!$H:$K,2,FALSE) -> 9 | J30: =VLOOKUP($C30,缺卡!$H:$K,4,FALSE) -> 0.45 | K30: =VLOOKUP($C30,[2]汇总!$C:$J,5,FALSE) -> 1 | L30: =VLOOKUP($C30,[2]汇总!$C:$J,8,FALSE) -> 0.5625 | M30: =G30-K30 -> 0 | N30: =J30-L30 -> -0.1125
A31: GL 大湖大区 | B31: ORD01 | C31: =A31&""&B31 -> GL 大湖大区ORD01 | D31: =VLOOKUP($C31,是否排班!$I:$L,4,FALSE) -> 2 | E31: =VLOOKUP($C31,日超8H!$I:$L,2,FALSE) -> 0 | F31: =VLOOKUP($C31,是否排班!$I:$L,3,FALSE) -> 0 | G31: =VLOOKUP($C31,是否排班!$I:$M,5,FALSE) -> 1 | H31: =IFERROR(VLOOKUP($C31,排班正确!$J:$O,6,FALSE),"/") -> / | I31: =VLOOKUP($C31,缺卡!$H:$K,2,FALSE) -> 4 | J31: =VLOOKUP($C31,缺卡!$H:$K,4,FALSE) -> 1 | K31: =VLOOKUP($C31,[2]汇总!$C:$J,5,FALSE) -> 1 | L31: =VLOOKUP($C31,[2]汇总!$C:$J,8,FALSE) -> 1 | M31: =G31-K31 -> 0 | N31: =J31-L31 -> 0
A32: GL 大湖大区 | B32: WG 西大湖片区 | C32: =A32&""&B32 -> GL 大湖大区WG 西大湖片区 | D32: =VLOOKUP($C32,是否排班!$I:$L,4,FALSE) -> 10 | E32: =VLOOKUP($C32,日超8H!$I:$L,2,FALSE) -> 3 | F32: =VLOOKUP($C32,是否排班!$I:$L,3,FALSE) -> 0 | G32: =VLOOKUP($C32,是否排班!$I:$M,5,FALSE) -> 1 | H32: =IFERROR(VLOOKUP($C32,排班正确!$J:$O,6,FALSE),"/") -> / | I32: =VLOOKUP($C32,缺卡!$H:$K,2,FALSE) -> 19 | J32: =VLOOKUP($C32,缺卡!$H:$K,4,FALSE) -> 0.59375 | K32: =VLOOKUP($C32,[2]汇总!$C:$J,5,FALSE) -> 1 | L32: =VLOOKUP($C32,[2]汇总!$C:$J,8,FALSE) -> 0.58333333 | M32: =G32-K32 -> 0 | N32: =J32-L32 -> 0.010416667
A33: GL 大湖大区 | B33: 揽收部 | C33: =A33&""&B33 -> GL 大湖大区揽收部 | D33: =VLOOKUP($C33,是否排班!$I:$L,4,FALSE) -> 5 | E33: =VLOOKUP($C33,日超8H!$I:$L,2,FALSE) -> 4 | F33: =VLOOKUP($C33,是否排班!$I:$L,3,FALSE) -> 0 | G33: =VLOOKUP($C33,是否排班!$I:$M,5,FALSE) -> 1 | H33: =IFERROR(VLOOKUP($C33,排班正确!$J:$O,6,FALSE),"/") -> / | I33: =VLOOKUP($C33,缺卡!$H:$K,2,FALSE) -> 6 | J33: =VLOOKUP($C33,缺卡!$H:$K,4,FALSE) -> 0.3 | K33: =VLOOKUP($C33,[2]汇总!$C:$J,5,FALSE) -> 1 | L33: =VLOOKUP($C33,[2]汇总!$C:$J,8,FALSE) -> 0.55 | M33: =G33-K33 -> 0 | N33: =J33-L33 -> -0.25
A34: GL 大湖大区 | B34: 运营支持部 | C34: =A34&""&B34 -> GL 大湖大区运营支持部 | D34: =VLOOKUP($C34,是否排班!$I:$L,4,FALSE) -> 8 | E34: =VLOOKUP($C34,日超8H!$I:$L,2,FALSE) -> 5 | F34: =VLOOKUP($C34,是否排班!$I:$L,3,FALSE) -> 0 | G34: =VLOOKUP($C34,是否排班!$I:$M,5,FALSE) -> 1 | H34: =IFERROR(VLOOKUP($C34,排班正确!$J:$O,6,FALSE),"/") -> / | I34: =VLOOKUP($C34,缺卡!$H:$K,2,FALSE) -> 12 | J34: =VLOOKUP($C34,缺卡!$H:$K,4,FALSE) -> 0.42857143 | K34: =VLOOKUP($C34,[2]汇总!$C:$J,5,FALSE) -> 1 | L34: =VLOOKUP($C34,[2]汇总!$C:$J,8,FALSE) -> 0.7 | M34: =G34-K34 -> 0 | N34: =J34-L34 -> -0.27142857
A35: GL 大湖大区 汇总 | C35: =A35&""&B35 -> GL 大湖大区 汇总 | D35: =VLOOKUP($C35,是否排班!$I:$L,4,FALSE) -> 85 | E35: =VLOOKUP($C35,日超8H!$I:$L,2,FALSE) -> 37 | F35: =VLOOKUP($C35,是否排班!$I:$L,3,FALSE) -> 2 | G35: =VLOOKUP($C35,是否排班!$I:$M,5,FALSE) -> 0.97647059 | H35: =IFERROR(VLOOKUP($C35,排班正确!$J:$O,6,FALSE),"/") -> 0.74193548 | I35: =VLOOKUP($C35,缺卡!$H:$K,2,FALSE) -> 100 | J35: =VLOOKUP($C35,缺卡!$H:$K,4,FALSE) -> 0.40322581 | K35: =VLOOKUP($C35,[2]汇总!$C:$J,5,FALSE) -> 0.95180723 | L35: =VLOOKUP($C35,[2]汇总!$C:$J,8,FALSE) -> 0.5875 | M35: =G35-K35 -> 0.024663359 | N35: =J35-L35 -> -0.18427419
A36: Ground项目部 | B36: OG 美南区 | C36: =A36&""&B36 -> Ground项目部OG 美南区 | D36: =VLOOKUP($C36,是否排班!$I:$L,4,FALSE) -> 10 | E36: =VLOOKUP($C36,日超8H!$I:$L,2,FALSE) -> 4 | F36: =VLOOKUP($C36,是否排班!$I:$L,3,FALSE) -> 2 | G36: =VLOOKUP($C36,是否排班!$I:$M,5,FALSE) -> 0.8 | H36: =IFERROR(VLOOKUP($C36,排班正确!$J:$O,6,FALSE),"/") -> / | I36: =VLOOKUP($C36,缺卡!$H:$K,2,FALSE) -> 8 | J36: =VLOOKUP($C36,缺卡!$H:$K,4,FALSE) -> 0.33333333 | K36: =VLOOKUP($C36,[2]汇总!$C:$J,5,FALSE) -> 0 | L36: =VLOOKUP($C36,[2]汇总!$C:$J,8,FALSE) -> 1 | M36: =G36-K36 -> 0.8 | N36: =J36-L36 -> -0.66666667
A37: Ground项目部 | B37: OG 美东区 | C37: =A37&""&B37 -> Ground项目部OG 美东区 | D37: =VLOOKUP($C37,是否排班!$I:$L,4,FALSE) -> 18 | E37: =VLOOKUP($C37,日超8H!$I:$L,2,FALSE) -> 12 | F37: =VLOOKUP($C37,是否排班!$I:$L,3,FALSE) -> 0 | G37: =VLOOKUP($C37,是否排班!$I:$M,5,FALSE) -> 1 | H37: =IFERROR(VLOOKUP($C37,排班正确!$J:$O,6,FALSE),"/") -> 0.83333333 | I37: =VLOOKUP($C37,缺卡!$H:$K,2,FALSE) -> 13 | J37: =VLOOKUP($C37,缺卡!$H:$K,4,FALSE) -> 0.19117647 | K37: =VLOOKUP($C37,[2]汇总!$C:$J,5,FALSE) -> 1 | L37: =VLOOKUP($C37,[2]汇总!$C:$J,8,FALSE) -> 0.23076923 | M37: =G37-K37 -> 0 | N37: =J37-L37 -> -0.03959276
A38: Ground项目部 | B38: OG 美西区 | C38: =A38&""&B38 -> Ground项目部OG 美西区 | D38: =VLOOKUP($C38,是否排班!$I:$L,4,FALSE) -> 42 | E38: =VLOOKUP($C38,日超8H!$I:$L,2,FALSE) -> 19 | F38: =VLOOKUP($C38,是否排班!$I:$L,3,FALSE) -> 0 | G38: =VLOOKUP($C38,是否排班!$I:$M,5,FALSE) -> 1 | H38: =IFERROR(VLOOKUP($C38,排班正确!$J:$O,6,FALSE),"/") -> 0.5625 | I38: =VLOOKUP($C38,缺卡!$H:$K,2,FALSE) -> 41 | J38: =VLOOKUP($C38,缺卡!$H:$K,4,FALSE) -> 0.30147059 | K38: =VLOOKUP($C38,[2]汇总!$C:$J,5,FALSE) -> 0.95238095 | L38: =VLOOKUP($C38,[2]汇总!$C:$J,8,FALSE) -> 0.62121212 | M38: =G38-K38 -> 0.047619048 | N38: =J38-L38 -> -0.31974153
A39: Ground项目部 | B39: OG 美中区 | C39: =A39&""&B39 -> Ground项目部OG 美中区 | D39: =VLOOKUP($C39,是否排班!$I:$L,4,FALSE) -> 7 | E39: =VLOOKUP($C39,日超8H!$I:$L,2,FALSE) -> 2 | F39: =VLOOKUP($C39,是否排班!$I:$L,3,FALSE) -> 0 | G39: =VLOOKUP($C39,是否排班!$I:$M,5,FALSE) -> 1 | H39: =IFERROR(VLOOKUP($C39,排班正确!$J:$O,6,FALSE),"/") -> / | I39: =VLOOKUP($C39,缺卡!$H:$K,2,FALSE) -> 17 | J39: =VLOOKUP($C39,缺卡!$H:$K,4,FALSE) -> 0.60714286 | K39: =VLOOKUP($C39,[2]汇总!$C:$J,5,FALSE) -> 1 | L39: =VLOOKUP($C39,[2]汇总!$C:$J,8,FALSE) -> 0.64285714 | M39: =G39-K39 -> 0 | N39: =J39-L39 -> -0.035714286
A40: Ground项目部 | B40: 派送管理部 | C40: =A40&""&B40 -> Ground项目部派送管理部 | D40: =VLOOKUP($C40,是否排班!$I:$L,4,FALSE) -> 8 | E40: =VLOOKUP($C40,日超8H!$I:$L,2,FALSE) -> 2 | F40: =VLOOKUP($C40,是否排班!$I:$L,3,FALSE) -> 0 | G40: =VLOOKUP($C40,是否排班!$I:$M,5,FALSE) -> 1 | H40: =IFERROR(VLOOKUP($C40,排班正确!$J:$O,6,FALSE),"/") -> / | I40: =VLOOKUP($C40,缺卡!$H:$K,2,FALSE) -> 6 | J40: =VLOOKUP($C40,缺卡!$H:$K,4,FALSE) -> 0.375 | K40: =VLOOKUP($C40,[2]汇总!$C:$J,5,FALSE) -> 0.875 | L40: =VLOOKUP($C40,[2]汇总!$C:$J,8,FALSE) -> 0.65 | M40: =G40-K40 -> 0.125 | N40: =J40-L40 -> -0.275
A41: Ground项目部 | B41: 运营管理部 | C41: =A41&""&B41 -> Ground项目部运营管理部 | D41: =VLOOKUP($C41,是否排班!$I:$L,4,FALSE) -> 3 | E41: =VLOOKUP($C41,日超8H!$I:$L,2,FALSE) -> 2 | F41: =VLOOKUP($C41,是否排班!$I:$L,3,FALSE) -> 0 | G41: =VLOOKUP($C41,是否排班!$I:$M,5,FALSE) -> 1 | H41: =IFERROR(VLOOKUP($C41,排班正确!$J:$O,6,FALSE),"/") -> / | I41: =VLOOKUP($C41,缺卡!$H:$K,2,FALSE) -> 2 | J41: =VLOOKUP($C41,缺卡!$H:$K,4,FALSE) -> 0.5 | K41: =VLOOKUP($C41,[2]汇总!$C:$J,5,FALSE) -> 0.66666667 | L41: =VLOOKUP($C41,[2]汇总!$C:$J,8,FALSE) -> 1 | M41: =G41-K41 -> 0.33333333 | N41: =J41-L41 -> -0.5
A42: Ground项目部 汇总 | C42: =A42&""&B42 -> Ground项目部 汇总 | D42: =VLOOKUP($C42,是否排班!$I:$L,4,FALSE) -> 88 | E42: =VLOOKUP($C42,日超8H!$I:$L,2,FALSE) -> 41 | F42: =VLOOKUP($C42,是否排班!$I:$L,3,FALSE) -> 2 | G42: =VLOOKUP($C42,是否排班!$I:$M,5,FALSE) -> 0.97727273 | H42: =IFERROR(VLOOKUP($C42,排班正确!$J:$O,6,FALSE),"/") -> 0.63636364 | I42: =VLOOKUP($C42,缺卡!$H:$K,2,FALSE) -> 87 | J42: =VLOOKUP($C42,缺卡!$H:$K,4,FALSE) -> 0.31521739 | K42: =VLOOKUP($C42,[2]汇总!$C:$J,5,FALSE) -> 0.84090909 | L42: =VLOOKUP($C42,[2]汇总!$C:$J,8,FALSE) -> 0.61231884 | M42: =G42-K42 -> 0.13636364 | N42: =J42-L42 -> -0.29710145
A43: MS 中南大区 | B43: 运营支持部 | C43: =A43&""&B43 -> MS 中南大区运营支持部 | D43: =VLOOKUP($C43,是否排班!$I:$L,4,FALSE) -> 3 | E43: =VLOOKUP($C43,日超8H!$I:$L,2,FALSE) -> 0 | F43: =VLOOKUP($C43,是否排班!$I:$L,3,FALSE) -> 1 | G43: =VLOOKUP($C43,是否排班!$I:$M,5,FALSE) -> 0.66666667 | H43: =IFERROR(VLOOKUP($C43,排班正确!$J:$O,6,FALSE),"/") -> / | I43: =VLOOKUP($C43,缺卡!$H:$K,2,FALSE) -> 0 | J43: 0 | K43: =VLOOKUP($C43,[2]汇总!$C:$J,5,FALSE) -> 1 | L43: 0 | M43: =G43-K43 -> -0.33333333 | N43: =J43-L43 -> 0
A44: MS 中南大区 | B44: CS 夏洛特及周边片区 | C44: =A44&""&B44 -> MS 中南大区CS 夏洛特及周边片区 | D44: =VLOOKUP($C44,是否排班!$I:$L,4,FALSE) -> 13 | E44: =VLOOKUP($C44,日超8H!$I:$L,2,FALSE) -> 2 | F44: =VLOOKUP($C44,是否排班!$I:$L,3,FALSE) -> 4 | G44: =VLOOKUP($C44,是否排班!$I:$M,5,FALSE) -> 0.69230769 | H44: =IFERROR(VLOOKUP($C44,排班正确!$J:$O,6,FALSE),"/") -> / | I44: =VLOOKUP($C44,缺卡!$H:$K,2,FALSE) -> 14 | J44: =VLOOKUP($C44,缺卡!$H:$K,4,FALSE) -> 0.5 | K44: =VLOOKUP($C44,[2]汇总!$C:$J,5,FALSE) -> 0.75 | L44: =VLOOKUP($C44,[2]汇总!$C:$J,8,FALSE) -> 0.61363636 | M44: =G44-K44 -> -0.057692308 | N44: =J44-L44 -> -0.11363636
A45: MS 中南大区 | B45: RE 北卡和东南海岸片区 | C45: =A45&""&B45 -> MS 中南大区RE 北卡和东南海岸片区 | D45: =VLOOKUP($C45,是否排班!$I:$L,4,FALSE) -> 8 | E45: =VLOOKUP($C45,日超8H!$I:$L,2,FALSE) -> 0 | F45: =VLOOKUP($C45,是否排班!$I:$L,3,FALSE) -> 2 | G45: =VLOOKUP($C45,是否排班!$I:$M,5,FALSE) -> 0.75 | H45: =IFERROR(VLOOKUP($C45,排班正确!$J:$O,6,FALSE),"/") -> / | I45: =VLOOKUP($C45,缺卡!$H:$K,2,FALSE) -> 8 | J45: =VLOOKUP($C45,缺卡!$H:$K,4,FALSE) -> 0.5 | K45: =VLOOKUP($C45,[2]汇总!$C:$J,5,FALSE) -> 0.66666667 | L45: =VLOOKUP($C45,[2]汇总!$C:$J,8,FALSE) -> 0.59375 | M45: =G45-K45 -> 0.083333333 | N45: =J45-L45 -> -0.09375
A46: MS 中南大区 | B46: AS 亚特兰大和南阿拉巴马片区 | C46: =A46&""&B46 -> MS 中南大区AS 亚特兰大和南阿拉巴马片区 | D46: =VLOOKUP($C46,是否排班!$I:$L,4,FALSE) -> 12 | E46: =VLOOKUP($C46,日超8H!$I:$L,2,FALSE) -> 3 | F46: =VLOOKUP($C46,是否排班!$I:$L,3,FALSE) -> 1 | G46: =VLOOKUP($C46,是否排班!$I:$M,5,FALSE) -> 0.91666667 | H46: =IFERROR(VLOOKUP($C46,排班正确!$J:$O,6,FALSE),"/") -> / | I46: =VLOOKUP($C46,缺卡!$H:$K,2,FALSE) -> 9 | J46: =VLOOKUP($C46,缺卡!$H:$K,4,FALSE) -> 0.25 | K46: =VLOOKUP($C46,[2]汇总!$C:$J,5,FALSE) -> 0.92307692 | L46: =VLOOKUP($C46,[2]汇总!$C:$J,8,FALSE) -> 0.40909091 | M46: =G46-K46 -> -0.0064102564 | N46: =J46-L46 -> -0.15909091
A47: MS 中南大区 | C47: =A47&""&B47 -> MS 中南大区 | D47: =VLOOKUP($C47,是否排班!$I:$L,4,FALSE) -> 1 | E47: =VLOOKUP($C47,日超8H!$I:$L,2,FALSE) -> 0 | F47: =VLOOKUP($C47,是否排班!$I:$L,3,FALSE) -> 0 | G47: =VLOOKUP($C47,是否排班!$I:$M,5,FALSE) -> 1 | H47: =IFERROR(VLOOKUP($C47,排班正确!$J:$O,6,FALSE),"/") -> / | I47: =VLOOKUP($C47,缺卡!$H:$K,2,FALSE) -> 2 | J47: =VLOOKUP($C47,缺卡!$H:$K,4,FALSE) -> 0.5 | K47: 0 | L47: 0 | M47: =G47-K47 -> 1 | N47: =J47-L47 -> 0.5
A48: MS 中南大区 | B48: AS 奥萨查沿海片区 | C48: =A48&""&B48 -> MS 中南大区AS 奥萨查沿海片区 | D48: =VLOOKUP($C48,是否排班!$I:$L,4,FALSE) -> 3 | E48: =VLOOKUP($C48,日超8H!$I:$L,2,FALSE) -> 3 | F48: =VLOOKUP($C48,是否排班!$I:$L,3,FALSE) -> 0 | G48: =VLOOKUP($C48,是否排班!$I:$M,5,FALSE) -> 1 | H48: =IFERROR(VLOOKUP($C48,排班正确!$J:$O,6,FALSE),"/") -> / | I48: =VLOOKUP($C48,缺卡!$H:$K,2,FALSE) -> 0 | J48: =VLOOKUP($C48,缺卡!$H:$K,4,FALSE) -> 0 | K48: =VLOOKUP($C48,[2]汇总!$C:$J,5,FALSE) -> 1 | L48: =VLOOKUP($C48,[2]汇总!$C:$J,8,FALSE) -> 0.083333333 | M48: =G48-K48 -> 0 | N48: =J48-L48 -> -0.083333333
A49: MS 中南大区 | B49: ATL.H | C49: =A49&""&B49 -> MS 中南大区ATL.H | D49: =VLOOKUP($C49,是否排班!$I:$L,4,FALSE) -> 19 | E49: =VLOOKUP($C49,日超8H!$I:$L,2,FALSE) -> 11 | F49: =VLOOKUP($C49,是否排班!$I:$L,3,FALSE) -> 0 | G49: =VLOOKUP($C49,是否排班!$I:$M,5,FALSE) -> 1 | H49: =IFERROR(VLOOKUP($C49,排班正确!$J:$O,6,FALSE),"/") -> 0.84210526 | I49: =VLOOKUP($C49,缺卡!$H:$K,2,FALSE) -> 15 | J49: =VLOOKUP($C49,缺卡!$H:$K,4,FALSE) -> 0.22058824 | K49: =VLOOKUP($C49,[2]汇总!$C:$J,5,FALSE) -> 1 | L49: =VLOOKUP($C49,[2]汇总!$C:$J,8,FALSE) -> 0.65277778 | M49: =G49-K49 -> 0 | N49: =J49-L49 -> -0.43218954
A50: MS 中南大区 | B50: BN 田纳西和北阿拉巴马片区 | C50: =A50&""&B50 -> MS 中南大区BN 田纳西和北阿拉巴马片区 | D50: =VLOOKUP($C50,是否排班!$I:$L,4,FALSE) -> 6 | E50: =VLOOKUP($C50,日超8H!$I:$L,2,FALSE) -> 2 | F50: =VLOOKUP($C50,是否排班!$I:$L,3,FALSE) -> 0 | G50: =VLOOKUP($C50,是否排班!$I:$M,5,FALSE) -> 1 | H50: =IFERROR(VLOOKUP($C50,排班正确!$J:$O,6,FALSE),"/") -> / | I50: =VLOOKUP($C50,缺卡!$H:$K,2,FALSE) -> 0 | J50: =VLOOKUP($C50,缺卡!$H:$K,4,FALSE) -> 0 | K50: =VLOOKUP($C50,[2]汇总!$C:$J,5,FALSE) -> 1 | L50: =VLOOKUP($C50,[2]汇总!$C:$J,8,FALSE) -> 0 | M50: =G50-K50 -> 0 | N50: =J50-L50 -> 0
A51: MS 中南大区 | B51: CLT.H | C51: =A51&""&B51 -> MS 中南大区CLT.H | D51: =VLOOKUP($C51,是否排班!$I:$L,4,FALSE) -> 11 | E51: =VLOOKUP($C51,日超8H!$I:$L,2,FALSE) -> 7 | F51: =VLOOKUP($C51,是否排班!$I:$L,3,FALSE) -> 0 | G51: =VLOOKUP($C51,是否排班!$I:$M,5,FALSE) -> 1 | H51: =IFERROR(VLOOKUP($C51,排班正确!$J:$O,6,FALSE),"/") -> 0.72727273 | I51: =VLOOKUP($C51,缺卡!$H:$K,2,FALSE) -> 4 | J51: =VLOOKUP($C51,缺卡!$H:$K,4,FALSE) -> 0.125 | K51: =VLOOKUP($C51,[2]汇总!$C:$J,5,FALSE) -> 1 | L51: =VLOOKUP($C51,[2]汇总!$C:$J,8,FALSE) -> 0.36111111 | M51: =G51-K51 -> 0 | N51: =J51-L51 -> -0.23611111
A52: MS 中南大区 | B52: PDK.H | C52: =A52&""&B52 -> MS 中南大区PDK.H | D52: =VLOOKUP($C52,是否排班!$I:$L,4,FALSE) -> 1 | E52: =VLOOKUP($C52,日超8H!$I:$L,2,FALSE) -> 0 | F52: =VLOOKUP($C52,是否排班!$I:$L,3,FALSE) -> 0 | G52: =VLOOKUP($C52,是否排班!$I:$M,5,FALSE) -> 1 | H52: =IFERROR(VLOOKUP($C52,排班正确!$J:$O,6,FALSE),"/") -> 1 | I52: =VLOOKUP($C52,缺卡!$H:$K,2,FALSE) -> 3 | J52: =VLOOKUP($C52,缺卡!$H:$K,4,FALSE) -> 0.75 | K52: / | L52: / | M52: / | N52: /
A53: MS 中南大区 | B53: 车辆管理部 | C53: =A53&""&B53 -> MS 中南大区车辆管理部 | D53: =VLOOKUP($C53,是否排班!$I:$L,4,FALSE) -> 2 | E53: =VLOOKUP($C53,日超8H!$I:$L,2,FALSE) -> 1 | F53: =VLOOKUP($C53,是否排班!$I:$L,3,FALSE) -> 0 | G53: =VLOOKUP($C53,是否排班!$I:$M,5,FALSE) -> 1 | H53: =IFERROR(VLOOKUP($C53,排班正确!$J:$O,6,FALSE),"/") -> / | I53: =VLOOKUP($C53,缺卡!$H:$K,2,FALSE) -> 3 | J53: =VLOOKUP($C53,缺卡!$H:$K,4,FALSE) -> 0.375 | K53: =VLOOKUP($C53,[2]汇总!$C:$J,5,FALSE) -> 1 | L53: =VLOOKUP($C53,[2]汇总!$C:$J,8,FALSE) -> 0.375 | M53: =G53-K53 -> 0 | N53: =J53-L53 -> 0
A54: MS 中南大区 | B54: 揽收部 | C54: =A54&""&B54 -> MS 中南大区揽收部 | D54: =VLOOKUP($C54,是否排班!$I:$L,4,FALSE) -> 3 | E54: =VLOOKUP($C54,日超8H!$I:$L,2,FALSE) -> 2 | F54: =VLOOKUP($C54,是否排班!$I:$L,3,FALSE) -> 0 | G54: =VLOOKUP($C54,是否排班!$I:$M,5,FALSE) -> 1 | H54: =IFERROR(VLOOKUP($C54,排班正确!$J:$O,6,FALSE),"/") -> / | I54: =VLOOKUP($C54,缺卡!$H:$K,2,FALSE) -> 0 | J54: =VLOOKUP($C54,缺卡!$H:$K,4,FALSE) -> 0 | K54: =VLOOKUP($C54,[2]汇总!$C:$J,5,FALSE) -> 1 | L54: =VLOOKUP($C54,[2]汇总!$C:$J,8,FALSE) -> 0.41666667 | M54: =G54-K54 -> 0 | N54: =J54-L54 -> -0.41666667
A55: MS 中南大区 汇总 | C55: =A55&""&B55 -> MS 中南大区 汇总 | D55: =VLOOKUP($C55,是否排班!$I:$L,4,FALSE) -> 82 | E55: =VLOOKUP($C55,日超8H!$I:$L,2,FALSE) -> 31 | F55: =VLOOKUP($C55,是否排班!$I:$L,3,FALSE) -> 8 | G55: =VLOOKUP($C55,是否排班!$I:$M,5,FALSE) -> 0.90243902 | H55: =IFERROR(VLOOKUP($C55,排班正确!$J:$O,6,FALSE),"/") -> 0.80645161 | I55: =VLOOKUP($C55,缺卡!$H:$K,2,FALSE) -> 58 | J55: =VLOOKUP($C55,缺卡!$H:$K,4,FALSE) -> 0.24576271 | K55: =VLOOKUP($C55,[2]汇总!$C:$J,5,FALSE) -> 0.91358025 | L55: =VLOOKUP($C55,[2]汇总!$C:$J,8,FALSE) -> 0.48188406 | M55: =G55-K55 -> -0.011141223 | N55: =J55-L55 -> -0.23612135
A56: NE 东北大区 | B56: NY 纽约片区 | C56: =A56&""&B56 -> NE 东北大区NY 纽约片区 | D56: =VLOOKUP($C56,是否排班!$I:$L,4,FALSE) -> 16 | E56: =VLOOKUP($C56,日超8H!$I:$L,2,FALSE) -> 5 | F56: =VLOOKUP($C56,是否排班!$I:$L,3,FALSE) -> 1 | G56: =VLOOKUP($C56,是否排班!$I:$M,5,FALSE) -> 0.9375 | H56: =IFERROR(VLOOKUP($C56,排班正确!$J:$O,6,FALSE),"/") -> / | I56: =VLOOKUP($C56,缺卡!$H:$K,2,FALSE) -> 2 | J56: =VLOOKUP($C56,缺卡!$H:$K,4,FALSE) -> 0.071428571 | K56: =VLOOKUP($C56,[2]汇总!$C:$J,5,FALSE) -> 0.9375 | L56: =VLOOKUP($C56,[2]汇总!$C:$J,8,FALSE) -> 0.3125 | M56: =G56-K56 -> 0 | N56: =J56-L56 -> -0.24107143
A57: NE 东北大区 | C57: =A57&""&B57 -> NE 东北大区 | D57: =VLOOKUP($C57,是否排班!$I:$L,4,FALSE) -> 1 | E57: =VLOOKUP($C57,日超8H!$I:$L,2,FALSE) -> 0 | F57: =VLOOKUP($C57,是否排班!$I:$L,3,FALSE) -> 0 | G57: =VLOOKUP($C57,是否排班!$I:$M,5,FALSE) -> 1 | H57: =IFERROR(VLOOKUP($C57,排班正确!$J:$O,6,FALSE),"/") -> / | I57: =VLOOKUP($C57,缺卡!$H:$K,2,FALSE) -> 2 | J57: =VLOOKUP($C57,缺卡!$H:$K,4,FALSE) -> 0.5 | K57: =VLOOKUP($C57,[2]汇总!$C:$J,5,FALSE) -> 1 | L57: =VLOOKUP($C57,[2]汇总!$C:$J,8,FALSE) -> 0.5 | M57: =G57-K57 -> 0 | N57: =J57-L57 -> 0
A58: NE 东北大区 | B58: BDL01 | C58: =A58&""&B58 -> NE 东北大区BDL01 | D58: =VLOOKUP($C58,是否排班!$I:$L,4,FALSE) -> 3 | E58: =VLOOKUP($C58,日超8H!$I:$L,2,FALSE) -> 2 | F58: =VLOOKUP($C58,是否排班!$I:$L,3,FALSE) -> 0 | G58: =VLOOKUP($C58,是否排班!$I:$M,5,FALSE) -> 1 | H58: =IFERROR(VLOOKUP($C58,排班正确!$J:$O,6,FALSE),"/") -> / | I58: =VLOOKUP($C58,缺卡!$H:$K,2,FALSE) -> 0 | J58: =VLOOKUP($C58,缺卡!$H:$K,4,FALSE) -> 0 | K58: =VLOOKUP($C58,[2]汇总!$C:$J,5,FALSE) -> 1 | L58: =VLOOKUP($C58,[2]汇总!$C:$J,8,FALSE) -> 0 | M58: =G58-K58 -> 0 | N58: =J58-L58 -> 0
A59: NE 东北大区 | B59: BN 布法罗片区 | C59: =A59&""&B59 -> NE 东北大区BN 布法罗片区 | D59: =VLOOKUP($C59,是否排班!$I:$L,4,FALSE) -> 6 | E59: =VLOOKUP($C59,日超8H!$I:$L,2,FALSE) -> 3 | F59: =VLOOKUP($C59,是否排班!$I:$L,3,FALSE) -> 0 | G59: =VLOOKUP($C59,是否排班!$I:$M,5,FALSE) -> 1 | H59: =IFERROR(VLOOKUP($C59,排班正确!$J:$O,6,FALSE),"/") -> / | I59: =VLOOKUP($C59,缺卡!$H:$K,2,FALSE) -> 5 | J59: =VLOOKUP($C59,缺卡!$H:$K,4,FALSE) -> 0.3125 | K59: =VLOOKUP($C59,[2]汇总!$C:$J,5,FALSE) -> 1 | L59: =VLOOKUP($C59,[2]汇总!$C:$J,8,FALSE) -> 0.375 | M59: =G59-K59 -> 0 | N59: =J59-L59 -> -0.0625
A60: NE 东北大区 | B60: BOS01 | C60: =A60&""&B60 -> NE 东北大区BOS01 | D60: =VLOOKUP($C60,是否排班!$I:$L,4,FALSE) -> 2 | E60: =VLOOKUP($C60,日超8H!$I:$L,2,FALSE) -> 0 | F60: =VLOOKUP($C60,是否排班!$I:$L,3,FALSE) -> 0 | G60: =VLOOKUP($C60,是否排班!$I:$M,5,FALSE) -> 1 | H60: =IFERROR(VLOOKUP($C60,排班正确!$J:$O,6,FALSE),"/") -> / | I60: =VLOOKUP($C60,缺卡!$H:$K,2,FALSE) -> 2 | J60: =VLOOKUP($C60,缺卡!$H:$K,4,FALSE) -> 0.5 | K60: =VLOOKUP($C60,[2]汇总!$C:$J,5,FALSE) -> 1 | L60: =VLOOKUP($C60,[2]汇总!$C:$J,8,FALSE) -> 0.125 | M60: =G60-K60 -> 0 | N60: =J60-L60 -> 0.375
A61: NE 东北大区 | B61: BUF01 | C61: =A61&""&B61 -> NE 东北大区BUF01 | D61: =VLOOKUP($C61,是否排班!$I:$L,4,FALSE) -> 2 | E61: =VLOOKUP($C61,日超8H!$I:$L,2,FALSE) -> 0 | F61: =VLOOKUP($C61,是否排班!$I:$L,3,FALSE) -> 0 | G61: =VLOOKUP($C61,是否排班!$I:$M,5,FALSE) -> 1 | H61: =IFERROR(VLOOKUP($C61,排班正确!$J:$O,6,FALSE),"/") -> / | I61: =VLOOKUP($C61,缺卡!$H:$K,2,FALSE) -> 0 | J61: 0 | K61: =VLOOKUP($C61,[2]汇总!$C:$J,5,FALSE) -> 1 | L61: =VLOOKUP($C61,[2]汇总!$C:$J,8,FALSE) -> 0.875 | M61: =G61-K61 -> 0 | N61: =J61-L61 -> -0.875
A62: NE 东北大区 | B62: BWI.H | C62: =A62&""&B62 -> NE 东北大区BWI.H | D62: =VLOOKUP($C62,是否排班!$I:$L,4,FALSE) -> 6 | E62: =VLOOKUP($C62,日超8H!$I:$L,2,FALSE) -> 1 | F62: =VLOOKUP($C62,是否排班!$I:$L,3,FALSE) -> 0 | G62: =VLOOKUP($C62,是否排班!$I:$M,5,FALSE) -> 1 | H62: =IFERROR(VLOOKUP($C62,排班正确!$J:$O,6,FALSE),"/") -> 0.33333333 | I62: =VLOOKUP($C62,缺卡!$H:$K,2,FALSE) -> 6 | J62: =VLOOKUP($C62,缺卡!$H:$K,4,FALSE) -> 0.375 | K62: =VLOOKUP($C62,[2]汇总!$C:$J,5,FALSE) -> 0.85714286 | L62: =VLOOKUP($C62,[2]汇总!$C:$J,8,FALSE) -> 0.8 | M62: =G62-K62 -> 0.14285714 | N62: =J62-L62 -> -0.425
A63: NE 东北大区 | B63: BWI01 | C63: =A63&""&B63 -> NE 东北大区BWI01 | D63: =VLOOKUP($C63,是否排班!$I:$L,4,FALSE) -> 2 | E63: =VLOOKUP($C63,日超8H!$I:$L,2,FALSE) -> 2 | F63: =VLOOKUP($C63,是否排班!$I:$L,3,FALSE) -> 0 | G63: =VLOOKUP($C63,是否排班!$I:$M,5,FALSE) -> 1 | H63: =IFERROR(VLOOKUP($C63,排班正确!$J:$O,6,FALSE),"/") -> / | I63: =VLOOKUP($C63,缺卡!$H:$K,2,FALSE) -> 0 | J63: =VLOOKUP($C63,缺卡!$H:$K,4,FALSE) -> 0 | K63: =VLOOKUP($C63,[2]汇总!$C:$J,5,FALSE) -> 1 | L63: =VLOOKUP($C63,[2]汇总!$C:$J,8,FALSE) -> 0.75 | M63: =G63-K63 -> 0 | N63: =J63-L63 -> -0.75
A64: NE 东北大区 | B64: DC 华盛顿片区 | C64: =A64&""&B64 -> NE 东北大区DC 华盛顿片区 | D64: =VLOOKUP($C64,是否排班!$I:$L,4,FALSE) -> 20 | E64: =VLOOKUP($C64,日超8H!$I:$L,2,FALSE) -> 12 | F64: =VLOOKUP($C64,是否排班!$I:$L,3,FALSE) -> 0 | G64: =VLOOKUP($C64,是否排班!$I:$M,5,FALSE) -> 1 | H64: =IFERROR(VLOOKUP($C64,排班正确!$J:$O,6,FALSE),"/") -> / | I64: =VLOOKUP($C64,缺卡!$H:$K,2,FALSE) -> 15 | J64: =VLOOKUP($C64,缺卡!$H:$K,4,FALSE) -> 0.26785714 | K64: =VLOOKUP($C64,[2]汇总!$C:$J,5,FALSE) -> 0.95238095 | L64: =VLOOKUP($C64,[2]汇总!$C:$J,8,FALSE) -> 0.44642857 | M64: =G64-K64 -> 0.047619048 | N64: =J64-L64 -> -0.17857143
A65: NE 东北大区 | B65: EWR.H | C65: =A65&""&B65 -> NE 东北大区EWR.H | D65: =VLOOKUP($C65,是否排班!$I:$L,4,FALSE) -> 38 | E65: =VLOOKUP($C65,日超8H!$I:$L,2,FALSE) -> 22 | F65: =VLOOKUP($C65,是否排班!$I:$L,3,FALSE) -> 0 | G65: =VLOOKUP($C65,是否排班!$I:$M,5,FALSE) -> 1 | H65: =IFERROR(VLOOKUP($C65,排班正确!$J:$O,6,FALSE),"/") -> 0.63157895 | I65: =VLOOKUP($C65,缺卡!$H:$K,2,FALSE) -> 59 | J65: =VLOOKUP($C65,缺卡!$H:$K,4,FALSE) -> 0.40972222 | K65: =VLOOKUP($C65,[2]汇总!$C:$J,5,FALSE) -> 1 | L65: =VLOOKUP($C65,[2]汇总!$C:$J,8,FALSE) -> 0.59821429 | M65: =G65-K65 -> 0 | N65: =J65-L65 -> -0.18849206
A66: NE 东北大区 | B66: EWR01 | C66: =A66&""&B66 -> NE 东北大区EWR01 | D66: =VLOOKUP($C66,是否排班!$I:$L,4,FALSE) -> 1 | E66: =VLOOKUP($C66,日超8H!$I:$L,2,FALSE) -> 1 | F66: =VLOOKUP($C66,是否排班!$I:$L,3,FALSE) -> 0 | G66: =VLOOKUP($C66,是否排班!$I:$M,5,FALSE) -> 1 | H66: =IFERROR(VLOOKUP($C66,排班正确!$J:$O,6,FALSE),"/") -> / | I66: =VLOOKUP($C66,缺卡!$H:$K,2,FALSE) -> 2 | J66: =VLOOKUP($C66,缺卡!$H:$K,4,FALSE) -> 0.5 | K66: =VLOOKUP($C66,[2]汇总!$C:$J,5,FALSE) -> 1 | L66: 0 | M66: =G66-K66 -> 0 | N66: =J66-L66 -> 0.5
A67: NE 东北大区 | B67: JFK.H | C67: =A67&""&B67 -> NE 东北大区JFK.H | D67: =VLOOKUP($C67,是否排班!$I:$L,4,FALSE) -> 15 | E67: =VLOOKUP($C67,日超8H!$I:$L,2,FALSE) -> 9 | F67: =VLOOKUP($C67,是否排班!$I:$L,3,FALSE) -> 0 | G67: =VLOOKUP($C67,是否排班!$I:$M,5,FALSE) -> 1 | H67: =IFERROR(VLOOKUP($C67,排班正确!$J:$O,6,FALSE),"/") -> 1 | I67: =VLOOKUP($C67,缺卡!$H:$K,2,FALSE) -> 2 | J67: =VLOOKUP($C67,缺卡!$H:$K,4,FALSE) -> 0.055555556 | K67: =VLOOKUP($C67,[2]汇总!$C:$J,5,FALSE) -> 1 | L67: =VLOOKUP($C67,[2]汇总!$C:$J,8,FALSE) -> 0.28571429 | M67: =G67-K67 -> 0 | N67: =J67-L67 -> -0.23015873
A68: NE 东北大区 | B68: JFK01 | C68: =A68&""&B68 -> NE 东北大区JFK01 | D68: =VLOOKUP($C68,是否排班!$I:$L,4,FALSE) -> 1 | E68: =VLOOKUP($C68,日超8H!$I:$L,2,FALSE) -> 0 | F68: =VLOOKUP($C68,是否排班!$I:$L,3,FALSE) -> 0 | G68: =VLOOKUP($C68,是否排班!$I:$M,5,FALSE) -> 1 | H68: =IFERROR(VLOOKUP($C68,排班正确!$J:$O,6,FALSE),"/") -> / | I68: =VLOOKUP($C68,缺卡!$H:$K,2,FALSE) -> 0 | J68: 0 | K68: =VLOOKUP($C68,[2]汇总!$C:$J,5,FALSE) -> 1 | L68: 0 | M68: =G68-K68 -> 0 | N68: =J68-L68 -> 0
A69: NE 东北大区 | B69: MA 新英格兰片区 | C69: =A69&""&B69 -> NE 东北大区MA 新英格兰片区 | D69: =VLOOKUP($C69,是否排班!$I:$L,4,FALSE) -> 8 | E69: =VLOOKUP($C69,日超8H!$I:$L,2,FALSE) -> 7 | F69: =VLOOKUP($C69,是否排班!$I:$L,3,FALSE) -> 0 | G69: =VLOOKUP($C69,是否排班!$I:$M,5,FALSE) -> 1 | H69: =IFERROR(VLOOKUP($C69,排班正确!$J:$O,6,FALSE),"/") -> / | I69: =VLOOKUP($C69,缺卡!$H:$K,2,FALSE) -> 3 | J69: =VLOOKUP($C69,缺卡!$H:$K,4,FALSE) -> 0.10714286 | K69: =VLOOKUP($C69,[2]汇总!$C:$J,5,FALSE) -> 1 | L69: =VLOOKUP($C69,[2]汇总!$C:$J,8,FALSE) -> 0.3 | M69: =G69-K69 -> 0 | N69: =J69-L69 -> -0.19285714
A70: NE 东北大区 | B70: PA 宾州片区 | C70: =A70&""&B70 -> NE 东北大区PA 宾州片区 | D70: =VLOOKUP($C70,是否排班!$I:$L,4,FALSE) -> 8 | E70: =VLOOKUP($C70,日超8H!$I:$L,2,FALSE) -> 3 | F70: =VLOOKUP($C70,是否排班!$I:$L,3,FALSE) -> 0 | G70: =VLOOKUP($C70,是否排班!$I:$M,5,FALSE) -> 1 | H70: =IFERROR(VLOOKUP($C70,排班正确!$J:$O,6,FALSE),"/") -> / | I70: =VLOOKUP($C70,缺卡!$H:$K,2,FALSE) -> 11 | J70: =VLOOKUP($C70,缺卡!$H:$K,4,FALSE) -> 0.55 | K70: =VLOOKUP($C70,[2]汇总!$C:$J,5,FALSE) -> 1 | L70: =VLOOKUP($C70,[2]汇总!$C:$J,8,FALSE) -> 0.625 | M70: =G70-K70 -> 0 | N70: =J70-L70 -> -0.075
A71: NE 东北大区 | B71: PHL01 | C71: =A71&""&B71 -> NE 东北大区PHL01 | D71: =VLOOKUP($C71,是否排班!$I:$L,4,FALSE) -> 1 | E71: =VLOOKUP($C71,日超8H!$I:$L,2,FALSE) -> 0 | F71: =VLOOKUP($C71,是否排班!$I:$L,3,FALSE) -> 0 | G71: =VLOOKUP($C71,是否排班!$I:$M,5,FALSE) -> 1 | H71: =IFERROR(VLOOKUP($C71,排班正确!$J:$O,6,FALSE),"/") -> / | I71: =VLOOKUP($C71,缺卡!$H:$K,2,FALSE) -> 0 | J71: 0 | K71: =VLOOKUP($C71,[2]汇总!$C:$J,5,FALSE) -> 1 | L71: 0 | M71: =G71-K71 -> 0 | N71: =J71-L71 -> 0
A72: NE 东北大区 | B72: PIT01 | C72: =A72&""&B72 -> NE 东北大区PIT01 | D72: =VLOOKUP($C72,是否排班!$I:$L,4,FALSE) -> 1 | E72: =VLOOKUP($C72,日超8H!$I:$L,2,FALSE) -> 1 | F72: =VLOOKUP($C72,是否排班!$I:$L,3,FALSE) -> 0 | G72: =VLOOKUP($C72,是否排班!$I:$M,5,FALSE) -> 1 | H72: =IFERROR(VLOOKUP($C72,排班正确!$J:$O,6,FALSE),"/") -> / | I72: =VLOOKUP($C72,缺卡!$H:$K,2,FALSE) -> 2 | J72: =VLOOKUP($C72,缺卡!$H:$K,4,FALSE) -> 0.5 | K72: =VLOOKUP($C72,[2]汇总!$C:$J,5,FALSE) -> 1 | L72: =VLOOKUP($C72,[2]汇总!$C:$J,8,FALSE) -> 0.5 | M72: =G72-K72 -> 0 | N72: =J72-L72 -> 0
A73: NE 东北大区 | B73: RIC01 | C73: =A73&""&B73 -> NE 东北大区RIC01 | D73: =VLOOKUP($C73,是否排班!$I:$L,4,FALSE) -> 1 | E73: =VLOOKUP($C73,日超8H!$I:$L,2,FALSE) -> 0 | F73: =VLOOKUP($C73,是否排班!$I:$L,3,FALSE) -> 0 | G73: =VLOOKUP($C73,是否排班!$I:$M,5,FALSE) -> 1 | H73: =IFERROR(VLOOKUP($C73,排班正确!$J:$O,6,FALSE),"/") -> / | I73: =VLOOKUP($C73,缺卡!$H:$K,2,FALSE) -> 0 | J73: =VLOOKUP($C73,缺卡!$H:$K,4,FALSE) -> 0 | K73: =VLOOKUP($C73,[2]汇总!$C:$J,5,FALSE) -> 1 | L73: =VLOOKUP($C73,[2]汇总!$C:$J,8,FALSE) -> 0 | M73: =G73-K73 -> 0 | N73: =J73-L73 -> 0
A74: NE 东北大区 | B74: 车辆管理部 | C74: =A74&""&B74 -> NE 东北大区车辆管理部 | D74: =VLOOKUP($C74,是否排班!$I:$L,4,FALSE) -> 6 | E74: =VLOOKUP($C74,日超8H!$I:$L,2,FALSE) -> 4 | F74: =VLOOKUP($C74,是否排班!$I:$L,3,FALSE) -> 0 | G74: =VLOOKUP($C74,是否排班!$I:$M,5,FALSE) -> 1 | H74: =IFERROR(VLOOKUP($C74,排班正确!$J:$O,6,FALSE),"/") -> / | I74: =VLOOKUP($C74,缺卡!$H:$K,2,FALSE) -> 8 | J74: =VLOOKUP($C74,缺卡!$H:$K,4,FALSE) -> 0.5 | K74: =VLOOKUP($C74,[2]汇总!$C:$J,5,FALSE) -> 0.16666667 | L74: =VLOOKUP($C74,[2]汇总!$C:$J,8,FALSE) -> 1 | M74: =G74-K74 -> 0.83333333 | N74: =J74-L74 -> -0.5
A75: NE 东北大区 | B75: 揽收部 | C75: =A75&""&B75 -> NE 东北大区揽收部 | D75: =VLOOKUP($C75,是否排班!$I:$L,4,FALSE) -> 13 | E75: =VLOOKUP($C75,日超8H!$I:$L,2,FALSE) -> 8 | F75: =VLOOKUP($C75,是否排班!$I:$L,3,FALSE) -> 0 | G75: =VLOOKUP($C75,是否排班!$I:$M,5,FALSE) -> 1 | H75: =IFERROR(VLOOKUP($C75,排班正确!$J:$O,6,FALSE),"/") -> / | I75: =VLOOKUP($C75,缺卡!$H:$K,2,FALSE) -> 25 | J75: =VLOOKUP($C75,缺卡!$H:$K,4,FALSE) -> 0.56818182 | K75: =VLOOKUP($C75,[2]汇总!$C:$J,5,FALSE) -> 1 | L75: =VLOOKUP($C75,[2]汇总!$C:$J,8,FALSE) -> 0.70454545 | M75: =G75-K75 -> 0 | N75: =J75-L75 -> -0.13636364
A76: NE 东北大区 | B76: 运营支持部 | C76: =A76&""&B76 -> NE 东北大区运营支持部 | D76: =VLOOKUP($C76,是否排班!$I:$L,4,FALSE) -> 15 | E76: =VLOOKUP($C76,日超8H!$I:$L,2,FALSE) -> 4 | F76: =VLOOKUP($C76,是否排班!$I:$L,3,FALSE) -> 0 | G76: =VLOOKUP($C76,是否排班!$I:$M,5,FALSE) -> 1 | H76: =IFERROR(VLOOKUP($C76,排班正确!$J:$O,6,FALSE),"/") -> / | I76: =VLOOKUP($C76,缺卡!$H:$K,2,FALSE) -> 27 | J76: =VLOOKUP($C76,缺卡!$H:$K,4,FALSE) -> 0.675 | K76: =VLOOKUP($C76,[2]汇总!$C:$J,5,FALSE) -> 1 | L76: =VLOOKUP($C76,[2]汇总!$C:$J,8,FALSE) -> 0.75 | M76: =G76-K76 -> 0 | N76: =J76-L76 -> -0.075
A77: NE 东北大区 汇总 | C77: =A77&""&B77 -> NE 东北大区 汇总 | D77: =VLOOKUP($C77,是否排班!$I:$L,4,FALSE) -> 166 | E77: =VLOOKUP($C77,日超8H!$I:$L,2,FALSE) -> 84 | F77: =VLOOKUP($C77,是否排班!$I:$L,3,FALSE) -> 1 | G77: =VLOOKUP($C77,是否排班!$I:$M,5,FALSE) -> 0.9939759 | H77: =IFERROR(VLOOKUP($C77,排班正确!$J:$O,6,FALSE),"/") -> 0.69491525 | I77: =VLOOKUP($C77,缺卡!$H:$K,2,FALSE) -> 171 | J77: =VLOOKUP($C77,缺卡!$H:$K,4,FALSE) -> 0.35330579 | K77: =VLOOKUP($C77,[2]汇总!$C:$J,5,FALSE) -> 0.95209581 | L77: =VLOOKUP($C77,[2]汇总!$C:$J,8,FALSE) -> 0.55084746 | M77: =G77-K77 -> 0.041880095 | N77: =J77-L77 -> -0.19754167
A78: TX 德州大区 | B78: NT 北德州片区 | C78: =A78&""&B78 -> TX 德州大区NT 北德州片区 | D78: =VLOOKUP($C78,是否排班!$I:$L,4,FALSE) -> 15 | E78: =VLOOKUP($C78,日超8H!$I:$L,2,FALSE) -> 4 | F78: =VLOOKUP($C78,是否排班!$I:$L,3,FALSE) -> 1 | G78: =VLOOKUP($C78,是否排班!$I:$M,5,FALSE) -> 0.93333333 | H78: =IFERROR(VLOOKUP($C78,排班正确!$J:$O,6,FALSE),"/") -> / | I78: =VLOOKUP($C78,缺卡!$H:$K,2,FALSE) -> 17 | J78: =VLOOKUP($C78,缺卡!$H:$K,4,FALSE) -> 0.38636364 | K78: =VLOOKUP($C78,[2]汇总!$C:$J,5,FALSE) -> 0.93333333 | L78: =VLOOKUP($C78,[2]汇总!$C:$J,8,FALSE) -> 0.55 | M78: =G78-K78 -> 0 | N78: =J78-L78 -> -0.16363636
A79: TX 德州大区 | C79: =A79&""&B79 -> TX 德州大区 | D79: =VLOOKUP($C79,是否排班!$I:$L,4,FALSE) -> 1 | E79: =VLOOKUP($C79,日超8H!$I:$L,2,FALSE) -> 0 | F79: =VLOOKUP($C79,是否排班!$I:$L,3,FALSE) -> 0 | G79: =VLOOKUP($C79,是否排班!$I:$M,5,FALSE) -> 1 | H79: =IFERROR(VLOOKUP($C79,排班正确!$J:$O,6,FALSE),"/") -> / | I79: =VLOOKUP($C79,缺卡!$H:$K,2,FALSE) -> 4 | J79: =VLOOKUP($C79,缺卡!$H:$K,4,FALSE) -> 1 | K79: =VLOOKUP($C79,[2]汇总!$C:$J,5,FALSE) -> 1 | L79: =VLOOKUP($C79,[2]汇总!$C:$J,8,FALSE) -> 1 | M79: =G79-K79 -> 0 | N79: =J79-L79 -> 0
A80: TX 德州大区 | B80: CT 中德州片区 | C80: =A80&""&B80 -> TX 德州大区CT 中德州片区 | D80: =VLOOKUP($C80,是否排班!$I:$L,4,FALSE) -> 10 | E80: =VLOOKUP($C80,日超8H!$I:$L,2,FALSE) -> 2 | F80: =VLOOKUP($C80,是否排班!$I:$L,3,FALSE) -> 0 | G80: =VLOOKUP($C80,是否排班!$I:$M,5,FALSE) -> 1 | H80: =IFERROR(VLOOKUP($C80,排班正确!$J:$O,6,FALSE),"/") -> / | I80: =VLOOKUP($C80,缺卡!$H:$K,2,FALSE) -> 15 | J80: =VLOOKUP($C80,缺卡!$H:$K,4,FALSE) -> 0.41666667 | K80: =VLOOKUP($C80,[2]汇总!$C:$J,5,FALSE) -> 1 | L80: =VLOOKUP($C80,[2]汇总!$C:$J,8,FALSE) -> 0.47222222 | M80: =G80-K80 -> 0 | N80: =J80-L80 -> -0.055555556
A81: TX 德州大区 | B81: DFW.H | C81: =A81&""&B81 -> TX 德州大区DFW.H | D81: =VLOOKUP($C81,是否排班!$I:$L,4,FALSE) -> 25 | E81: =VLOOKUP($C81,日超8H!$I:$L,2,FALSE) -> 14 | F81: =VLOOKUP($C81,是否排班!$I:$L,3,FALSE) -> 0 | G81: =VLOOKUP($C81,是否排班!$I:$M,5,FALSE) -> 1 | H81: =IFERROR(VLOOKUP($C81,排班正确!$J:$O,6,FALSE),"/") -> 0.92 | I81: =VLOOKUP($C81,缺卡!$H:$K,2,FALSE) -> 15 | J81: =VLOOKUP($C81,缺卡!$H:$K,4,FALSE) -> 0.22058824 | K81: =VLOOKUP($C81,[2]汇总!$C:$J,5,FALSE) -> 1 | L81: =VLOOKUP($C81,[2]汇总!$C:$J,8,FALSE) -> 0.65789474 | M81: =G81-K81 -> 0 | N81: =J81-L81 -> -0.4373065
A82: TX 德州大区 | B82: GC 墨湾片区 | C82: =A82&""&B82 -> TX 德州大区GC 墨湾片区 | D82: =VLOOKUP($C82,是否排班!$I:$L,4,FALSE) -> 15 | E82: =VLOOKUP($C82,日超8H!$I:$L,2,FALSE) -> 3 | F82: =VLOOKUP($C82,是否排班!$I:$L,3,FALSE) -> 0 | G82: =VLOOKUP($C82,是否排班!$I:$M,5,FALSE) -> 1 | H82: =IFERROR(VLOOKUP($C82,排班正确!$J:$O,6,FALSE),"/") -> / | I82: =VLOOKUP($C82,缺卡!$H:$K,2,FALSE) -> 18 | J82: =VLOOKUP($C82,缺卡!$H:$K,4,FALSE) -> 0.5 | K82: =VLOOKUP($C82,[2]汇总!$C:$J,5,FALSE) -> 1 | L82: =VLOOKUP($C82,[2]汇总!$C:$J,8,FALSE) -> 0.68518519 | M82: =G82-K82 -> 0 | N82: =J82-L82 -> -0.18518519
A83: TX 德州大区 | B83: IAH.H | C83: =A83&""&B83 -> TX 德州大区IAH.H | D83: =VLOOKUP($C83,是否排班!$I:$L,4,FALSE) -> 18 | E83: =VLOOKUP($C83,日超8H!$I:$L,2,FALSE) -> 11 | F83: =VLOOKUP($C83,是否排班!$I:$L,3,FALSE) -> 0 | G83: =VLOOKUP($C83,是否排班!$I:$M,5,FALSE) -> 1 | H83: =IFERROR(VLOOKUP($C83,排班正确!$J:$O,6,FALSE),"/") -> 0.94444444 | I83: =VLOOKUP($C83,缺卡!$H:$K,2,FALSE) -> 9 | J83: =VLOOKUP($C83,缺卡!$H:$K,4,FALSE) -> 0.15 | K83: =VLOOKUP($C83,[2]汇总!$C:$J,5,FALSE) -> 1 | L83: =VLOOKUP($C83,[2]汇总!$C:$J,8,FALSE) -> 0.43333333 | M83: =G83-K83 -> 0 | N83: =J83-L83 -> -0.28333333
A84: TX 德州大区 | B84: 揽收部 | C84: =A84&""&B84 -> TX 德州大区揽收部 | D84: =VLOOKUP($C84,是否排班!$I:$L,4,FALSE) -> 9 | E84: =VLOOKUP($C84,日超8H!$I:$L,2,FALSE) -> 7 | F84: =VLOOKUP($C84,是否排班!$I:$L,3,FALSE) -> 0 | G84: =VLOOKUP($C84,是否排班!$I:$M,5,FALSE) -> 1 | H84: =IFERROR(VLOOKUP($C84,排班正确!$J:$O,6,FALSE),"/") -> / | I84: =VLOOKUP($C84,缺卡!$H:$K,2,FALSE) -> 2 | J84: =VLOOKUP($C84,缺卡!$H:$K,4,FALSE) -> 0.055555556 | K84: =VLOOKUP($C84,[2]汇总!$C:$J,5,FALSE) -> 1 | L84: =VLOOKUP($C84,[2]汇总!$C:$J,8,FALSE) -> 0.72222222 | M84: =G84-K84 -> 0 | N84: =J84-L84 -> -0.66666667
A85: TX 德州大区 | B85: 运营支持部 | C85: =A85&""&B85 -> TX 德州大区运营支持部 | D85: =VLOOKUP($C85,是否排班!$I:$L,4,FALSE) -> 7 | E85: =VLOOKUP($C85,日超8H!$I:$L,2,FALSE) -> 5 | F85: =VLOOKUP($C85,是否排班!$I:$L,3,FALSE) -> 0 | G85: =VLOOKUP($C85,是否排班!$I:$M,5,FALSE) -> 1 | H85: =IFERROR(VLOOKUP($C85,排班正确!$J:$O,6,FALSE),"/") -> / | I85: =VLOOKUP($C85,缺卡!$H:$K,2,FALSE) -> 1 | J85: =VLOOKUP($C85,缺卡!$H:$K,4,FALSE) -> 0.035714286 | K85: =VLOOKUP($C85,[2]汇总!$C:$J,5,FALSE) -> 0.85714286 | L85: =VLOOKUP($C85,[2]汇总!$C:$J,8,FALSE) -> 0.79166667 | M85: =G85-K85 -> 0.14285714 | N85: =J85-L85 -> -0.75595238
A86: TX 德州大区 汇总 | C86: =A86&""&B86 -> TX 德州大区 汇总 | D86: =VLOOKUP($C86,是否排班!$I:$L,4,FALSE) -> 100 | E86: =VLOOKUP($C86,日超8H!$I:$L,2,FALSE) -> 46 | F86: =VLOOKUP($C86,是否排班!$I:$L,3,FALSE) -> 1 | G86: =VLOOKUP($C86,是否排班!$I:$M,5,FALSE) -> 0.99 | H86: =IFERROR(VLOOKUP($C86,排班正确!$J:$O,6,FALSE),"/") -> 0.93023256 | I86: =VLOOKUP($C86,缺卡!$H:$K,2,FALSE) -> 81 | J86: =VLOOKUP($C86,缺卡!$H:$K,4,FALSE) -> 0.25961538 | K86: =VLOOKUP($C86,[2]汇总!$C:$J,5,FALSE) -> 0.98 | L86: =VLOOKUP($C86,[2]汇总!$C:$J,8,FALSE) -> 0.60909091 | M86: =G86-K86 -> 0.01 | N86: =J86-L86 -> -0.34947552
A87: WE 美西大区 | B87: CNO.H | C87: =A87&""&B87 -> WE 美西大区CNO.H | D87: =VLOOKUP($C87,是否排班!$I:$L,4,FALSE) -> 48 | E87: =VLOOKUP($C87,日超8H!$I:$L,2,FALSE) -> 21 | F87: =VLOOKUP($C87,是否排班!$I:$L,3,FALSE) -> 0 | G87: =VLOOKUP($C87,是否排班!$I:$M,5,FALSE) -> 1 | H87: =IFERROR(VLOOKUP($C87,排班正确!$J:$O,6,FALSE),"/") -> 0.70833333 | I87: =VLOOKUP($C87,缺卡!$H:$K,2,FALSE) -> 37 | J87: =VLOOKUP($C87,缺卡!$H:$K,4,FALSE) -> 0.20108696 | K87: =VLOOKUP($C87,[2]汇总!$C:$J,5,FALSE) -> 1 | L87: =VLOOKUP($C87,[2]汇总!$C:$J,8,FALSE) -> 0.61486486 | M87: =G87-K87 -> 0 | N87: =J87-L87 -> -0.41377791
A88: WE 美西大区 | B88: DS 丹佛·盐湖城片区 | C88: =A88&""&B88 -> WE 美西大区DS 丹佛·盐湖城片区 | D88: =VLOOKUP($C88,是否排班!$I:$L,4,FALSE) -> 12 | E88: =VLOOKUP($C88,日超8H!$I:$L,2,FALSE) -> 6 | F88: =VLOOKUP($C88,是否排班!$I:$L,3,FALSE) -> 0 | G88: =VLOOKUP($C88,是否排班!$I:$M,5,FALSE) -> 1 | H88: =IFERROR(VLOOKUP($C88,排班正确!$J:$O,6,FALSE),"/") -> / | I88: =VLOOKUP($C88,缺卡!$H:$K,2,FALSE) -> 16 | J88: =VLOOKUP($C88,缺卡!$H:$K,4,FALSE) -> 0.4 | K88: =VLOOKUP($C88,[2]汇总!$C:$J,5,FALSE) -> 0.5 | L88: =VLOOKUP($C88,[2]汇总!$C:$J,8,FALSE) -> 0.77083333 | M88: =G88-K88 -> 0.5 | N88: =J88-L88 -> -0.37083333
A89: WE 美西大区 | B89: LAV.H | C89: =A89&""&B89 -> WE 美西大区LAV.H | D89: =VLOOKUP($C89,是否排班!$I:$L,4,FALSE) -> 41 | E89: =VLOOKUP($C89,日超8H!$I:$L,2,FALSE) -> 17 | F89: =VLOOKUP($C89,是否排班!$I:$L,3,FALSE) -> 0 | G89: =VLOOKUP($C89,是否排班!$I:$M,5,FALSE) -> 1 | H89: =IFERROR(VLOOKUP($C89,排班正确!$J:$O,6,FALSE),"/") -> 0.7804878 | I89: =VLOOKUP($C89,缺卡!$H:$K,2,FALSE) -> 22 | J89: =VLOOKUP($C89,缺卡!$H:$K,4,FALSE) -> 0.17741935 | K89: =VLOOKUP($C89,[2]汇总!$C:$J,5,FALSE) -> 1 | L89: =VLOOKUP($C89,[2]汇总!$C:$J,8,FALSE) -> 0.65384615 | M89: =G89-K89 -> 0 | N89: =J89-L89 -> -0.4764268
A90: WE 美西大区 | B90: LA揽收部 | C90: =A90&""&B90 -> WE 美西大区LA揽收部 | D90: =VLOOKUP($C90,是否排班!$I:$L,4,FALSE) -> 8 | E90: =VLOOKUP($C90,日超8H!$I:$L,2,FALSE) -> 3 | F90: =VLOOKUP($C90,是否排班!$I:$L,3,FALSE) -> 0 | G90: =VLOOKUP($C90,是否排班!$I:$M,5,FALSE) -> 1 | H90: =IFERROR(VLOOKUP($C90,排班正确!$J:$O,6,FALSE),"/") -> / | I90: =VLOOKUP($C90,缺卡!$H:$K,2,FALSE) -> 13 | J90: =VLOOKUP($C90,缺卡!$H:$K,4,FALSE) -> 0.46428571 | K90: =VLOOKUP($C90,[2]汇总!$C:$J,5,FALSE) -> 1 | L90: =VLOOKUP($C90,[2]汇总!$C:$J,8,FALSE) -> 0.7 | M90: =G90-K90 -> 0 | N90: =J90-L90 -> -0.23571429
A91: WE 美西大区 | B91: NC 北加片区 | C91: =A91&""&B91 -> WE 美西大区NC 北加片区 | D91: =VLOOKUP($C91,是否排班!$I:$L,4,FALSE) -> 27 | E91: =VLOOKUP($C91,日超8H!$I:$L,2,FALSE) -> 10 | F91: =VLOOKUP($C91,是否排班!$I:$L,3,FALSE) -> 0 | G91: =VLOOKUP($C91,是否排班!$I:$M,5,FALSE) -> 1 | H91: =IFERROR(VLOOKUP($C91,排班正确!$J:$O,6,FALSE),"/") -> / | I91: =VLOOKUP($C91,缺卡!$H:$K,2,FALSE) -> 32 | J91: =VLOOKUP($C91,缺卡!$H:$K,4,FALSE) -> 0.36363636 | K91: =VLOOKUP($C91,[2]汇总!$C:$J,5,FALSE) -> 0.96296296 | L91: =VLOOKUP($C91,[2]汇总!$C:$J,8,FALSE) -> 0.54545455 | M91: =G91-K91 -> 0.037037037 | N91: =J91-L91 -> -0.18181818
A92: WE 美西大区 | B92: SC 南加片区 | C92: =A92&""&B92 -> WE 美西大区SC 南加片区 | D92: =VLOOKUP($C92,是否排班!$I:$L,4,FALSE) -> 24 | E92: =VLOOKUP($C92,日超8H!$I:$L,2,FALSE) -> 7 | F92: =VLOOKUP($C92,是否排班!$I:$L,3,FALSE) -> 0 | G92: =VLOOKUP($C92,是否排班!$I:$M,5,FALSE) -> 1 | H92: =IFERROR(VLOOKUP($C92,排班正确!$J:$O,6,FALSE),"/") -> / | I92: =VLOOKUP($C92,缺卡!$H:$K,2,FALSE) -> 29 | J92: =VLOOKUP($C92,缺卡!$H:$K,4,FALSE) -> 0.38157895 | K92: =VLOOKUP($C92,[2]汇总!$C:$J,5,FALSE) -> 1 | L92: =VLOOKUP($C92,[2]汇总!$C:$J,8,FALSE) -> 0.4673913 | M92: =G92-K92 -> 0 | N92: =J92-L92 -> -0.085812357
A93: WE 美西大区 | B93: SP 西雅图·波特兰片区 | C93: =A93&""&B93 -> WE 美西大区SP 西雅图·波特兰片区 | D93: =VLOOKUP($C93,是否排班!$I:$L,4,FALSE) -> 11 | E93: =VLOOKUP($C93,日超8H!$I:$L,2,FALSE) -> 3 | F93: =VLOOKUP($C93,是否排班!$I:$L,3,FALSE) -> 0 | G93: =VLOOKUP($C93,是否排班!$I:$M,5,FALSE) -> 1 | H93: =IFERROR(VLOOKUP($C93,排班正确!$J:$O,6,FALSE),"/") -> / | I93: =VLOOKUP($C93,缺卡!$H:$K,2,FALSE) -> 11 | J93: =VLOOKUP($C93,缺卡!$H:$K,4,FALSE) -> 0.34375 | K93: =VLOOKUP($C93,[2]汇总!$C:$J,5,FALSE) -> 1 | L93: =VLOOKUP($C93,[2]汇总!$C:$J,8,FALSE) -> 0.475 | M93: =G93-K93 -> 0 | N93: =J93-L93 -> -0.13125
A94: WE 美西大区 | B94: 车辆管理部 | C94: =A94&""&B94 -> WE 美西大区车辆管理部 | D94: =VLOOKUP($C94,是否排班!$I:$L,4,FALSE) -> 6 | E94: =VLOOKUP($C94,日超8H!$I:$L,2,FALSE) -> 5 | F94: =VLOOKUP($C94,是否排班!$I:$L,3,FALSE) -> 0 | G94: =VLOOKUP($C94,是否排班!$I:$M,5,FALSE) -> 1 | H94: =IFERROR(VLOOKUP($C94,排班正确!$J:$O,6,FALSE),"/") -> / | I94: =VLOOKUP($C94,缺卡!$H:$K,2,FALSE) -> 4 | J94: =VLOOKUP($C94,缺卡!$H:$K,4,FALSE) -> 0.16666667 | K94: =VLOOKUP($C94,[2]汇总!$C:$J,5,FALSE) -> 1 | L94: =VLOOKUP($C94,[2]汇总!$C:$J,8,FALSE) -> 0.75 | M94: =G94-K94 -> 0 | N94: =J94-L94 -> -0.58333333
A95: WE 美西大区 | B95: 运营支持部 | C95: =A95&""&B95 -> WE 美西大区运营支持部 | D95: =VLOOKUP($C95,是否排班!$I:$L,4,FALSE) -> 13 | E95: =VLOOKUP($C95,日超8H!$I:$L,2,FALSE) -> 7 | F95: =VLOOKUP($C95,是否排班!$I:$L,3,FALSE) -> 0 | G95: =VLOOKUP($C95,是否排班!$I:$M,5,FALSE) -> 1 | H95: =IFERROR(VLOOKUP($C95,排班正确!$J:$O,6,FALSE),"/") -> / | I95: =VLOOKUP($C95,缺卡!$H:$K,2,FALSE) -> 0 | J95: =VLOOKUP($C95,缺卡!$H:$K,4,FALSE) -> 0 | K95: =VLOOKUP($C95,[2]汇总!$C:$J,5,FALSE) -> 1 | L95: =VLOOKUP($C95,[2]汇总!$C:$J,8,FALSE) -> 0.25 | M95: =G95-K95 -> 0 | N95: =J95-L95 -> -0.25
A96: WE 美西大区 汇总 | C96: =A96&""&B96 -> WE 美西大区 汇总 | D96: =VLOOKUP($C96,是否排班!$I:$L,4,FALSE) -> 190 | E96: =VLOOKUP($C96,日超8H!$I:$L,2,FALSE) -> 79 | F96: =VLOOKUP($C96,是否排班!$I:$L,3,FALSE) -> 0 | G96: =VLOOKUP($C96,是否排班!$I:$M,5,FALSE) -> 1 | H96: =IFERROR(VLOOKUP($C96,排班正确!$J:$O,6,FALSE),"/") -> 0.74157303 | I96: =VLOOKUP($C96,缺卡!$H:$K,2,FALSE) -> 164 | J96: =VLOOKUP($C96,缺卡!$H:$K,4,FALSE) -> 0.26282051 | K96: =VLOOKUP($C96,[2]汇总!$C:$J,5,FALSE) -> 0.96315789 | L96: =VLOOKUP($C96,[2]汇总!$C:$J,8,FALSE) -> 0.57939189 | M96: =G96-K96 -> 0.036842105 | N96: =J96-L96 -> -0.31657138
A97: AD 行政部 | C97: =A97&""&B97 -> AD 行政部 | D97: =VLOOKUP($C97,是否排班!$I:$L,4,FALSE) -> 18 | E97: =VLOOKUP($C97,日超8H!$I:$L,2,FALSE) -> 10 | F97: =VLOOKUP($C97,是否排班!$I:$L,3,FALSE) -> 0 | G97: =VLOOKUP($C97,是否排班!$I:$M,5,FALSE) -> 1 | H97: =IFERROR(VLOOKUP($C97,排班正确!$J:$O,6,FALSE),"/") -> / | I97: =VLOOKUP($C97,缺卡!$H:$K,2,FALSE) -> 20 | J97: =VLOOKUP($C97,缺卡!$H:$K,4,FALSE) -> 0.33333333 | K97: =VLOOKUP($C97,[2]汇总!$C:$J,5,FALSE) -> 1 | L97: =VLOOKUP($C97,[2]汇总!$C:$J,8,FALSE) -> 0.48214286 | M97: =G97-K97 -> 0 | N97: =J97-L97 -> -0.14880952
A98: AS 审计监察部 | C98: =A98&""&B98 -> AS 审计监察部 | D98: =VLOOKUP($C98,是否排班!$I:$L,4,FALSE) -> 2 | E98: =VLOOKUP($C98,日超8H!$I:$L,2,FALSE) -> 1 | F98: =VLOOKUP($C98,是否排班!$I:$L,3,FALSE) -> 0 | G98: =VLOOKUP($C98,是否排班!$I:$M,5,FALSE) -> 1 | H98: =IFERROR(VLOOKUP($C98,排班正确!$J:$O,6,FALSE),"/") -> / | I98: =VLOOKUP($C98,缺卡!$H:$K,2,FALSE) -> 2 | J98: =VLOOKUP($C98,缺卡!$H:$K,4,FALSE) -> 0.5 | K98: =VLOOKUP($C98,[2]汇总!$C:$J,5,FALSE) -> 1 | L98: =VLOOKUP($C98,[2]汇总!$C:$J,8,FALSE) -> 0.75 | M98: =G98-K98 -> 0 | N98: =J98-L98 -> -0.25
A99: BD 本地客户部 | C99: =A99&""&B99 -> BD 本地客户部 | D99: =VLOOKUP($C99,是否排班!$I:$L,4,FALSE) -> 17 | E99: =VLOOKUP($C99,日超8H!$I:$L,2,FALSE) -> 0 | F99: =VLOOKUP($C99,是否排班!$I:$L,3,FALSE) -> 0 | G99: =VLOOKUP($C99,是否排班!$I:$M,5,FALSE) -> 1 | H99: =IFERROR(VLOOKUP($C99,排班正确!$J:$O,6,FALSE),"/") -> / | I99: =VLOOKUP($C99,缺卡!$H:$K,2,FALSE) -> 60 | J99: =VLOOKUP($C99,缺卡!$H:$K,4,FALSE) -> 1 | K99: =VLOOKUP($C99,[2]汇总!$C:$J,5,FALSE) -> 1 | L99: =VLOOKUP($C99,[2]汇总!$C:$J,8,FALSE) -> 1 | M99: =G99-K99 -> 0 | N99: =J99-L99 -> 0
A100: BM 品牌市场部 | C100: =A100&""&B100 -> BM 品牌市场部 | D100: =VLOOKUP($C100,是否排班!$I:$L,4,FALSE) -> 6 | E100: =VLOOKUP($C100,日超8H!$I:$L,2,FALSE) -> 2 | F100: =VLOOKUP($C100,是否排班!$I:$L,3,FALSE) -> 0 | G100: =VLOOKUP($C100,是否排班!$I:$M,5,FALSE) -> 1 | H100: =IFERROR(VLOOKUP($C100,排班正确!$J:$O,6,FALSE),"/") -> / | I100: =VLOOKUP($C100,缺卡!$H:$K,2,FALSE) -> 6 | J100: =VLOOKUP($C100,缺卡!$H:$K,4,FALSE) -> 0.5 | K100: =VLOOKUP($C100,[2]汇总!$C:$J,5,FALSE) -> 1 | L100: =VLOOKUP($C100,[2]汇总!$C:$J,8,FALSE) -> 0.75 | M100: =G100-K100 -> 0 | N100: =J100-L100 -> -0.25
...

Sheet 汇总 (2)
A1: 区域 | B1: 部门 | C1: 区域 | D1: 0512美区正式工未排班及缺卡人员明细 | K1: 0511美区正式工未排班及缺卡人员明细 | M1: 前一日趋势对比
D2: 总人数 | E2: 日超8h人数 | F2: 未排班数 | G2: 排班率 | H2: HUB排班正确率 | I2: 缺卡数 | J2: 缺卡率 | K2: 排班率 | L2: 缺卡率 | M2: 排班率 | N2: 缺卡率
A3: MS 中南大区 汇总 | C3: MS 中南大区 汇总 | D3: 82 | E3: 31 | F3: 8 | G3: 0.90243902 | H3: 0.80645161 | I3: 58 | J3: 0.24576271 | K3: 0.91358025 | L3: 0.48188406 | M3: -0.011141223 | N3: -0.23612135
A4: GL 大湖大区 汇总 | C4: GL 大湖大区 汇总 | D4: 85 | E4: 37 | F4: 2 | G4: 0.97647059 | H4: 0.74193548 | I4: 100 | J4: 0.40322581 | K4: 0.95180723 | L4: 0.5875 | M4: 0.024663359 | N4: -0.18427419
A5: Ground项目部 汇总 | C5: Ground项目部 汇总 | D5: 88 | E5: 41 | F5: 2 | G5: 0.97727273 | H5: 0.63636364 | I5: 87 | J5: 0.31521739 | K5: 0.84090909 | L5: 0.61231884 | M5: 0.13636364 | N5: -0.29710145
A6: FL 佛州大区 汇总 | C6: FL 佛州大区 汇总 | D6: 110 | E6: 50 | F6: 2 | G6: 0.98181818 | H6: 0.82258065 | I6: 91 | J6: 0.27743902 | K6: 0.94642857 | L6: 0.52134146 | M6: 0.03538961 | N6: -0.24390244
A7: TX 德州大区 汇总 | C7: TX 德州大区 汇总 | D7: 100 | E7: 46 | F7: 1 | G7: 0.99 | H7: 0.93023256 | I7: 81 | J7: 0.25961538 | K7: 0.98 | L7: 0.60909091 | M7: 0.01 | N7: -0.34947552
A8: NE 东北大区 汇总 | C8: NE 东北大区 汇总 | D8: 166 | E8: 84 | F8: 1 | G8: 0.9939759 | H8: 0.69491525 | I8: 171 | J8: 0.35330579 | K8: 0.95209581 | L8: 0.55084746 | M8: 0.041880095 | N8: -0.19754167
A9: WE 美西大区 汇总 | C9: WE 美西大区 汇总 | D9: 190 | E9: 79 | F9: 0 | G9: 1 | H9: 0.74157303 | I9: 164 | J9: 0.26282051 | K9: 0.96315789 | L9: 0.57939189 | M9: 0.036842105 | N9: -0.31657138
A10: AD 行政部 | C10: AD 行政部 | D10: 18 | E10: 10 | F10: 0 | G10: 1 | H10: / | I10: 20 | J10: 0.33333333 | K10: 1 | L10: 0.48214286 | M10: 0 | N10: -0.14880952
A11: AS 审计监察部 | C11: AS 审计监察部 | D11: 2 | E11: 1 | F11: 0 | G11: 1 | H11: / | I11: 2 | J11: 0.5 | K11: 1 | L11: 0.75 | M11: 0 | N11: -0.25
A12: BD 本地客户部 | C12: BD 本地客户部 | D12: 17 | E12: 0 | F12: 0 | G12: 1 | H12: / | I12: 60 | J12: 1 | K12: 1 | L12: 1 | M12: 0 | N12: 0
A13: BM 品牌市场部 | C13: BM 品牌市场部 | D13: 6 | E13: 2 | F13: 0 | G13: 1 | H13: / | I13: 6 | J13: 0.5 | K13: 1 | L13: 0.75 | M13: 0 | N13: -0.25
A14: CM 运力管理部 | C14: CM 运力管理部 | D14: 12 | E14: 5 | F14: 0 | G14: 1 | H14: / | I14: 29 | J14: 0.65909091 | K14: 0.91666667 | L14: 0.79545455 | M14: 0.083333333 | N14: -0.13636364
A15: CS 客户服务部 | C15: CS 客户服务部 | D15: 7 | E15: 6 | F15: 0 | G15: 1 | H15: / | I15: 3 | J15: 0.10714286 | K15: 1 | L15: 0.35714286 | M15: 0 | N15: -0.25
A16: DO 数字运营部 | C16: DO 数字运营部 | D16: 15 | E16: 3 | F16: 0 | G16: 1 | H16: / | I16: 23 | J16: 0.575 | K16: 1 | L16: 0.875 | M16: 0 | N16: -0.3
A17: Gofo财务部 | C17: Gofo财务部 | D17: 3 | E17: 0 | F17: 0 | G17: 1 | H17: / | I17: 8 | J17: 0.66666667 | K17: 1 | L17: 0.75 | M17: 0 | N17: -0.083333333
A18: NP 网络规划部 | C18: =A18&""&B18 -> NP 网络规划部 | D18: =VLOOKUP($C18,是否排班!$I:$L,4,FALSE) -> 1 | E18: =VLOOKUP($C18,日超8H!$I:$L,2,FALSE) -> 0 | F18: =VLOOKUP($C18,是否排班!$I:$L,3,FALSE) -> 0 | G18: =VLOOKUP($C18,是否排班!$I:$M,5,FALSE) -> 1 | H18: =IFERROR(VLOOKUP($C18,排班正确!$J:$O,6,FALSE),"/") -> / | I18: =VLOOKUP($C18,缺卡!$H:$K,2,FALSE) -> 0 | J18: 0 | K18: =VLOOKUP($C18,[2]汇总!$C:$J,5,FALSE) -> 1 | L18: 0 | M18: =G18-K18 -> 0 | N18: =J18-L18 -> 0
A19: OM 操作管理部 | C19: OM 操作管理部 | D19: 16 | E19: 4 | F19: 0 | G19: 1 | H19: / | I19: 15 | J19: 0.375 | K19: 1 | L19: 0.59090909 | M19: 0 | N19: -0.21590909
A20: QC 质量控制部 | C20: QC 质量控制部 | D20: 6 | E20: 5 | F20: 0 | G20: 1 | H20: / | I20: 6 | J20: 0.25 | K20: 1 | L20: 0.45833333 | M20: 0 | N20: -0.20833333
A21: SM 战略管理部 | C21: SM 战略管理部 | D21: 1 | E21: 0 | F21: 0 | G21: 1 | H21: / | I21: 4 | J21: 1 | K21: 0 | L21: 0 | M21: 1 | N21: 1
A22: SM 站点管理部 | C22: SM 站点管理部 | D22: 8 | E22: 2 | F22: 0 | G22: 1 | H22: / | I22: 4 | J22: 0.5 | K22: 1 | L22: 0.625 | M22: 0 | N22: -0.125
A23: US人力资源部 | C23: US人力资源部 | D23: 49 | E23: 24 | F23: 0 | G23: 1 | H23: / | I23: 87 | J23: 0.51785714 | K23: 0.96 | L23: 0.72 | M23: 0.04 | N23: -0.20214286
A24: IC 跨境客户部 | C24: =A24&""&B24 -> IC 跨境客户部 | D24: =VLOOKUP($C24,是否排班!$I:$L,4,FALSE) -> 6 | E24: =VLOOKUP($C24,日超8H!$I:$L,2,FALSE) -> 2 | F24: =VLOOKUP($C24,是否排班!$I:$L,3,FALSE) -> 0 | G24: =VLOOKUP($C24,是否排班!$I:$M,5,FALSE) -> 1 | H24: =IFERROR(VLOOKUP($C24,排班正确!$J:$O,6,FALSE),"/") -> / | I24: =VLOOKUP($C24,缺卡!$H:$K,2,FALSE) -> 12 | J24: =VLOOKUP($C24,缺卡!$H:$K,4,FALSE) -> 0.6 | K24: =VLOOKUP($C24,[2]汇总!$C:$J,5,FALSE) -> 1 | L24: =VLOOKUP($C24,[2]汇总!$C:$J,8,FALSE) -> 0.75 | M24: =G24-K24 -> 0 | N24: =J24-L24 -> -0.15
A25: LD 法务部 | C25: LD 法务部 | D25: 2 | E25: 1 | F25: 0 | G25: 1 | H25: / | I25: 1 | J25: 0.125 | K25: 1 | L25: 0.25 | M25: 0 | N25: -0.125
A26: 总计 | C26: 总计 | D26: 990 | E26: 433 | F26: 16 | G26: 0.98383838 | H26: 0.77151335 | I26: 1032 | J26: 0.33947368 | K26: 0.94848485 | L26: 0.58754098 | M26: 0.035353535 | N26: -0.2480673
